timestamp,open,high,low,close,volume,trade_count,vwap
2022-05-09 05:00:00+00:00,155.7,155.7,155.7,155.7,147,2,155.7
2022-05-09 08:00:00+00:00,155.26,155.32,154.14,154.43,111916,2939,154.652143
2022-05-09 09:00:00+00:00,154.45,154.86,153.99,154.29,78055,2110,154.311917
2022-05-09 10:00:00+00:00,154.28,154.33,153.16,153.4,86740,2951,153.723026
2022-05-09 11:00:00+00:00,153.46,154.0,152.78,153.72,772318,11120,153.322568
2022-05-09 12:00:00+00:00,153.71,154.65,153.16,154.0201,711730,8818,153.894945
2022-05-09 13:00:00+00:00,154.0203,155.83,153.38,153.57,23817726,173485,154.958954
2022-05-09 14:00:00+00:00,153.58,154.53,152.78,152.85,18610988,194468,153.482995
2022-05-09 15:00:00+00:00,152.85,153.31,151.955,152.1615,17530119,178283,152.641565
2022-05-09 16:00:00+00:00,152.17,153.66,151.56,152.41,12592247,113539,152.682994
2022-05-09 17:00:00+00:00,152.41,153.54,152.1001,152.55,10314094,88803,152.766846
2022-05-09 18:00:00+00:00,152.5483,153.2,151.81,153.08,11006366,97140,152.486932
2022-05-09 19:00:00+00:00,153.1,153.61,151.49,152.14,22098088,199213,152.393743
2022-05-09 20:00:00+00:00,152.15,152.93,151.85,152.04,2436686,6474,152.103562
2022-05-09 21:00:00+00:00,152.03,152.06,151.72,151.95,461699,3451,152.007073
2022-05-09 22:00:00+00:00,151.95,152.67,151.95,152.54,106944,2155,152.356439
2022-05-09 23:00:00+00:00,152.6,152.75,152.2,152.75,106382,1651,152.483089
2022-05-10 05:00:00+00:00,153.96,153.96,153.96,153.96,117,7,153.960085
2022-05-10 06:00:00+00:00,154.18,154.18,154.18,154.18,100,1,154.18
2022-05-10 08:00:00+00:00,153.52,154.85,153.52,154.33,119409,2772,154.347975
2022-05-10 09:00:00+00:00,154.32,154.64,153.5,153.6,56275,1472,154.204041
2022-05-10 10:00:00+00:00,153.6,153.95,153.4,153.5,85194,1349,153.641537
2022-05-10 11:00:00+00:00,153.51,153.76,153.16,153.75,279181,4823,153.483228
2022-05-10 12:00:00+00:00,153.78,156.0,153.77,155.53,3161703,10732,152.68979
2022-05-10 13:00:00+00:00,155.52,156.54,154.14,155.8203,16941610,159964,155.358323
2022-05-10 14:00:00+00:00,155.83,156.385,153.96,154.48,16721774,168211,155.393389
2022-05-10 15:00:00+00:00,154.48,154.78,153.04,153.76,13753960,147137,153.746121
2022-05-10 16:00:00+00:00,153.75,154.34,152.93,153.36,11109283,111181,153.708778
2022-05-10 17:00:00+00:00,153.39,156.74,153.25,156.695,12822751,118383,155.100343
2022-05-10 18:00:00+00:00,156.7,156.73,155.23,156.07,12168802,105242,155.93929
2022-05-10 19:00:00+00:00,156.09,156.62,154.03,154.53,14886621,138286,155.117121
2022-05-10 20:00:00+00:00,154.51,154.65,154.1,154.16,12101181,3279,154.508087
2022-05-10 21:00:00+00:00,154.15,154.51,154.0,154.3,122272,1279,154.307645
2022-05-10 22:00:00+00:00,154.22,154.51,154.2,154.5,33273,683,154.435143
2022-05-10 23:00:00+00:00,154.53,154.7,154.35,154.5,67838,753,154.492862
2022-05-11 06:00:00+00:00,155.84,155.84,155.84,155.84,330,2,155.84
2022-05-11 07:00:00+00:00,154.82,154.92,154.82,154.92,262,3,154.898397
2022-05-11 08:00:00+00:00,155.28,156.36,155.15,156.22,98513,1475,155.832579
2022-05-11 09:00:00+00:00,156.22,156.89,156.12,156.48,39870,677,156.371271
2022-05-11 10:00:00+00:00,156.44,156.74,156.11,156.52,49169,1007,156.388594
2022-05-11 11:00:00+00:00,156.45,156.6,156.15,156.39,1076677,3715,155.254673
2022-05-11 12:00:00+00:00,156.39,156.44,152.0,152.43,1419873,16227,153.805943
2022-05-11 13:00:00+00:00,152.4299,155.45,151.35,153.86,14202085,139656,153.286286
2022-05-11 14:00:00+00:00,153.87,154.21,152.36,152.77,16448704,160603,153.331016
2022-05-11 15:00:00+00:00,152.78,153.84,151.9,152.5145,10873661,109158,152.571524
2022-05-11 16:00:00+00:00,152.51,152.53,149.56,149.92,15654511,177400,151.190359
2022-05-11 17:00:00+00:00,149.9118,149.98,146.82,147.03,20150905,206390,148.338505
2022-05-11 18:00:00+00:00,147.02,148.27,146.51,146.91,19535438,187250,147.288764
2022-05-11 19:00:00+00:00,146.89,147.0,145.81,146.59,28301203,264817,146.367596
2022-05-11 20:00:00+00:00,146.6,147.2,146.3203,146.8,13495232,11725,146.510395
2022-05-11 21:00:00+00:00,146.77,146.8,146.0,146.5,476817,8227,146.381065
2022-05-11 22:00:00+00:00,146.52,146.57,146.0,146.49,178027,3700,146.276216
2022-05-11 23:00:00+00:00,146.5,146.68,146.15,146.67,205679,3151,146.437043
2022-05-12 05:00:00+00:00,146.63,146.63,146.57,146.57,471,20,146.59293
2022-05-12 06:00:00+00:00,145.98,146.15,145.78,146.15,1081,13,145.910176
2022-05-12 07:00:00+00:00,145.19,145.19,145.19,145.19,100,1,145.19
2022-05-12 08:00:00+00:00,146.59,146.59,144.66,144.86,148044,5182,145.193716
2022-05-12 09:00:00+00:00,144.86,144.86,144.19,144.49,134796,3183,144.491325
2022-05-12 10:00:00+00:00,144.42,144.8,144.12,144.68,120873,2443,144.550621
2022-05-12 11:00:00+00:00,144.64,145.05,143.43,143.46,1324121,13289,144.483624
2022-05-12 12:00:00+00:00,143.45,143.9,142.9,143.02,1673932,21334,143.416966
2022-05-12 13:00:00+00:00,143.03,144.11,140.2,141.02,31883096,305345,141.900791
2022-05-12 14:00:00+00:00,141.01,146.1281,140.0915,145.6298,32512194,311148,143.643239
2022-05-12 15:00:00+00:00,145.63,146.19,141.24,141.25,19315323,184722,144.22264
2022-05-12 16:00:00+00:00,141.2451,142.6,140.57,141.8,17266672,162391,141.725678
2022-05-12 17:00:00+00:00,141.78,142.47,140.0,140.26,13740497,144364,141.09657
2022-05-12 18:00:00+00:00,140.23,140.48,138.8,139.6,21477260,220792,139.535803
2022-05-12 19:00:00+00:00,139.61,142.86,139.4,142.59,30286058,266159,141.217923
2022-05-12 20:00:00+00:00,142.55,142.99,140.9986,141.34,10923875,8948,142.541183
2022-05-12 21:00:00+00:00,141.33,144.27,141.31,142.0831,315663,4149,142.09841
2022-05-12 22:00:00+00:00,142.18,142.75,142.18,142.54,177078,3128,142.540504
2022-05-12 23:00:00+00:00,142.5001,143.99,141.85,143.9,221850,2903,143.342758
2022-05-13 04:00:00+00:00,144.99,145.29,144.96,145.29,772,11,145.049054
2022-05-13 05:00:00+00:00,145.09,145.09,145.09,145.09,300,1,145.09
2022-05-13 06:00:00+00:00,144.78,144.99,144.77,144.99,847,8,144.841039
2022-05-13 08:00:00+00:00,144.5,145.7788,144.5,144.94,125333,3348,145.313173
2022-05-13 09:00:00+00:00,145.02,145.35,144.7,145.0,66590,2090,145.046892
2022-05-13 10:00:00+00:00,144.8712,145.3,144.71,145.06,64278,1727,145.071513
2022-05-13 11:00:00+00:00,145.14,145.71,142.56,145.56,680404,8022,144.958317
2022-05-13 12:00:00+00:00,145.48,145.62,142.916,145.0,494118,8915,145.233876
2022-05-13 13:00:00+00:00,145.0,145.26,143.11,144.9844,17010956,168568,144.393531
2022-05-13 14:00:00+00:00,144.99,146.92,144.98,146.86,18572573,169955,145.935088
2022-05-13 15:00:00+00:00,146.87,147.84,146.56,147.0391,13599348,117813,147.17044
2022-05-13 16:00:00+00:00,147.06,148.105,146.81,147.255,11452979,93256,147.584359
2022-05-13 17:00:00+00:00,147.2572,147.48,146.0,146.215,9099029,75339,146.721659
2022-05-13 18:00:00+00:00,146.2,146.93,144.8,146.86,13183877,110063,145.733476
2022-05-13 19:00:00+00:00,146.8784,147.81,145.7499,147.09,18525801,143620,146.978561
2022-05-13 20:00:00+00:00,147.11,147.11,146.4544,146.71,2456733,4178,147.069453
2022-05-13 21:00:00+00:00,146.73,147.27,146.69,147.2089,145788,2054,147.016289
2022-05-13 22:00:00+00:00,147.2,147.29,147.0,147.26,99691,1179,147.117788
2022-05-13 23:00:00+00:00,147.27,147.3,147.18,147.28,112024,1368,147.268488
2022-05-16 08:00:00+00:00,146.68,146.68,145.66,146.53,38199,1229,146.042161
2022-05-16 09:00:00+00:00,146.55,146.67,145.7,145.7,32754,936,146.15776
2022-05-16 10:00:00+00:00,145.82,146.15,145.81,146.14,22331,568,145.972114
2022-05-16 11:00:00+00:00,146.19,146.5,146.08,146.3996,242383,3049,146.279497
2022-05-16 12:00:00+00:00,146.36,147.39,145.99,146.81,522649,6832,146.844079
2022-05-16 13:00:00+00:00,146.81,146.98,144.34,145.02,12168631,132174,145.321524
2022-05-16 14:00:00+00:00,145.025,146.66,144.42,144.43,14040349,127808,145.488255
2022-05-16 15:00:00+00:00,144.44,146.94,144.18,146.65,10464226,89674,145.389938
2022-05-16 16:00:00+00:00,146.65,146.8,145.23,145.38,8560089,65837,145.901744
2022-05-16 17:00:00+00:00,145.37,146.769,145.15,146.305,7654374,67154,146.177583
2022-05-16 18:00:00+00:00,146.31,147.5199,146.06,146.955,9663173,77665,146.963995
2022-05-16 19:00:00+00:00,146.9448,147.17,145.0,145.54,12613297,111607,145.789168
2022-05-16 20:00:00+00:00,145.56,145.81,145.11,145.28,9797042,2620,145.538044
2022-05-16 21:00:00+00:00,145.26,145.37,145.06,145.2,73932,1511,145.162024
2022-05-16 22:00:00+00:00,145.21,145.64,145.2,145.6,41885,991,145.446178
2022-05-16 23:00:00+00:00,145.6,146.01,145.42,146.01,70397,1132,145.642835
2022-05-17 06:00:00+00:00,146.97,146.97,146.97,146.97,1559,3,146.97
2022-05-17 07:00:00+00:00,147.04,147.04,147.04,147.04,734,3,147.04
2022-05-17 08:00:00+00:00,146.82,148.4,146.61,148.27,118649,2376,147.898366
2022-05-17 09:00:00+00:00,148.23,148.74,148.13,148.64,50472,1292,148.373729
2022-05-17 10:00:00+00:00,148.7,148.7,148.0,148.08,62788,1465,148.293181
2022-05-17 11:00:00+00:00,148.08,148.2,147.71,147.9529,636366,6189,148.007136
2022-05-17 12:00:00+00:00,148.0,148.4,147.51,147.9144,469780,5784,147.878109
2022-05-17 13:00:00+00:00,147.98,149.34,147.63,147.7978,10752980,98545,148.517276
2022-05-17 14:00:00+00:00,147.79,148.32,146.68,147.34,11358439,96113,147.46146
2022-05-17 15:00:00+00:00,147.34,148.68,147.05,147.9906,8235865,72087,147.871671
2022-05-17 16:00:00+00:00,148.0,148.4018,147.46,147.99,6086429,54767,147.907942
2022-05-17 17:00:00+00:00,147.99,148.8301,147.65,148.55,6390888,54119,148.438809
2022-05-17 18:00:00+00:00,148.54,149.33,147.3003,149.1099,10870394,92799,148.463411
2022-05-17 19:00:00+00:00,149.106,149.77,148.79,149.24,12817414,106215,149.258899
2022-05-17 20:00:00+00:00,149.24,149.42,149.0999,149.3,3281117,2993,149.23976
2022-05-17 21:00:00+00:00,149.3,149.4,149.26,149.35,29743,1042,149.347903
2022-05-17 22:00:00+00:00,149.38,149.62,149.36,149.46,91233,1163,149.531876
2022-05-17 23:00:00+00:00,149.49,149.5,149.2,149.24,54859,1060,149.361433
2022-05-18 05:00:00+00:00,149.06,149.06,149.06,149.06,461,2,149.06
2022-05-18 06:00:00+00:00,149.19,149.19,149.19,149.19,424,7,149.189788
2022-05-18 07:00:00+00:00,149.18,149.18,149.0,149.0,414,14,149.038648
2022-05-18 08:00:00+00:00,148.79,148.85,148.12,148.18,22636,617,148.440389
2022-05-18 09:00:00+00:00,148.39,148.64,148.28,148.52,15284,342,148.449067
2022-05-18 10:00:00+00:00,148.7,148.78,148.01,148.3,40592,738,148.281118
2022-05-18 11:00:00+00:00,148.34,148.39,147.38,147.55,393009,4100,147.650392
2022-05-18 12:00:00+00:00,147.58,147.9199,146.75,146.7901,441247,5719,147.327038
2022-05-18 13:00:00+00:00,146.87,147.3601,145.78,145.9026,10079013,98966,146.585205
2022-05-18 14:00:00+00:00,145.905,146.79,144.8201,145.42,13622783,127624,145.778775
2022-05-18 15:00:00+00:00,145.415,145.42,142.76,142.76,13264763,134053,143.907164
2022-05-18 16:00:00+00:00,142.775,143.69,142.14,143.5501,11131518,107310,142.783687
2022-05-18 17:00:00+00:00,143.55,143.564,141.36,141.73,11118080,107777,142.108785
2022-05-18 18:00:00+00:00,141.72,141.94,139.9,140.0917,14025226,157051,140.851023
2022-05-18 19:00:00+00:00,140.1017,141.2,140.07,140.82,21040048,202107,140.60654
2022-05-18 20:00:00+00:00,140.82,141.16,140.18,140.88,12920475,10062,140.808357
2022-05-18 21:00:00+00:00,140.88,140.95,140.65,140.87,161913,5119,140.842448
2022-05-18 22:00:00+00:00,140.83,141.2,140.8,141.2,156532,2821,141.011275
2022-05-18 23:00:00+00:00,141.11,141.12,140.0,140.2,268855,4332,140.337766
2022-05-19 07:00:00+00:00,140.43,140.43,140.43,140.43,359,41,140.418719
2022-05-19 08:00:00+00:00,140.18,140.18,139.03,139.07,101665,3716,139.402963
2022-05-19 09:00:00+00:00,139.02,139.25,138.56,138.91,85959,3221,138.883336
2022-05-19 10:00:00+00:00,138.86,139.88,138.86,139.84,88185,2119,139.41826
2022-05-19 11:00:00+00:00,139.75,140.5,139.45,140.35,654668,7541,139.908618
2022-05-19 12:00:00+00:00,140.3699,140.468,139.33,140.0,919480,9689,139.812167
2022-05-19 13:00:00+00:00,139.98,141.66,138.7,139.49,19348166,182471,140.2074
2022-05-19 14:00:00+00:00,139.47,141.02,137.84,138.73,23445926,233264,139.387424
2022-05-19 15:00:00+00:00,138.73,140.4,137.99,139.44,18723792,160739,139.091497
2022-05-19 16:00:00+00:00,139.445,140.27,137.79,138.09,13886390,126392,138.918774
2022-05-19 17:00:00+00:00,138.1,138.44,136.6,137.81,15873205,161203,137.377606
2022-05-19 18:00:00+00:00,137.795,139.15,136.97,138.8,13385183,115598,138.022762
2022-05-19 19:00:00+00:00,138.805,139.41,136.67,137.34,20665157,186162,137.669465
2022-05-19 20:00:00+00:00,137.33,137.9,137.12,137.8,7699743,6077,137.360578
2022-05-19 21:00:00+00:00,137.82,137.82,137.35,137.78,242899,3445,137.533186
2022-05-19 22:00:00+00:00,137.7899,138.0,137.69,137.88,109520,2576,137.872776
2022-05-19 23:00:00+00:00,137.89,138.33,137.7,138.3,110510,2372,137.980687
2022-05-20 08:00:00+00:00,139.02,140.1,138.32,139.43,129778,3638,139.292024
2022-05-20 09:00:00+00:00,139.36,139.6,139.0,139.23,83197,1835,139.345018
2022-05-20 10:00:00+00:00,139.18,139.46,139.16,139.19,24255,752,139.295487
2022-05-20 11:00:00+00:00,139.17,139.99,138.86,139.6,588592,6586,139.369718
2022-05-20 12:00:00+00:00,139.57,139.68,138.972,139.2,833503,8225,139.352372
2022-05-20 13:00:00+00:00,139.15,140.3597,138.07,139.86,17925871,149710,139.306317
2022-05-20 14:00:00+00:00,139.87,140.7,137.06,137.1901,16397913,151702,138.638994
2022-05-20 15:00:00+00:00,137.2,137.53,136.32,136.77,13105748,130441,137.00498
2022-05-20 16:00:00+00:00,136.78,136.89,133.6,134.36,19979409,198556,135.018979
2022-05-20 17:00:00+00:00,134.34,134.45,132.61,134.15,17155082,158015,133.670923
2022-05-20 18:00:00+00:00,134.15,134.94,133.38,134.3647,13032461,114204,133.956829
2022-05-20 19:00:00+00:00,134.37,137.89,133.76,137.62,25024994,185333,135.995309
2022-05-20 20:00:00+00:00,137.59,137.9,137.05,137.29,10593045,6112,137.575121
2022-05-20 21:00:00+00:00,137.28,137.59,137.16,137.36,1171825,2800,137.538872
2022-05-20 22:00:00+00:00,137.33,137.38,137.2,137.2,106997,1475,137.291831
2022-05-20 23:00:00+00:00,137.23,137.68,137.2,137.56,144144,1644,137.522502
2022-05-23 04:00:00+00:00,138.9,138.9,138.9,138.9,105,1,138.9
2022-05-23 05:00:00+00:00,139.48,139.48,139.48,139.48,151,3,139.48
2022-05-23 08:00:00+00:00,138.75,139.37,137.8,138.0,78504,1997,138.440103
2022-05-23 09:00:00+00:00,138.1,138.45,138.0,138.01,74161,1380,138.148098
2022-05-23 10:00:00+00:00,137.98,138.87,137.95,138.72,63652,1260,138.356606
2022-05-23 11:00:00+00:00,138.72,138.85,137.91,138.39,579296,6279,138.425284
2022-05-23 12:00:00+00:00,138.39,138.8,137.81,137.94,772560,7306,138.320117
2022-05-23 13:00:00+00:00,137.9449,141.03,137.51,139.79,18443770,165456,139.437937
2022-05-23 14:00:00+00:00,139.8,141.68,138.69,140.47,20262702,162248,140.041228
2022-05-23 15:00:00+00:00,140.49,142.08,140.26,141.98,14487722,117363,141.372763
2022-05-23 16:00:00+00:00,141.99,143.26,141.81,142.3765,14437091,104931,142.539118
2022-05-23 17:00:00+00:00,142.385,142.8656,141.5207,142.64,10547424,70505,142.169305
2022-05-23 18:00:00+00:00,142.6501,142.9199,142.0633,142.215,9059588,68061,142.558672
2022-05-23 19:00:00+00:00,142.219,143.25,141.895,143.15,17344224,126221,142.570713
2022-05-23 20:00:00+00:00,143.11,143.45,143.05,143.28,9700293,3882,143.114344
2022-05-23 21:00:00+00:00,143.28,143.28,140.66,140.98,498827,4407,141.681451
2022-05-23 22:00:00+00:00,141.1,141.26,140.5,141.25,836974,2739,142.494203
2022-05-23 23:00:00+00:00,141.25,141.4,141.0,141.19,139157,1603,141.185075
2022-05-24 04:00:00+00:00,140.77,140.77,140.77,140.77,100,1,140.77
2022-05-24 08:00:00+00:00,140.69,141.0,139.9,140.44,89479,1634,140.476965
2022-05-24 09:00:00+00:00,140.5,141.0,140.4,141.0,25546,516,140.658048
2022-05-24 10:00:00+00:00,140.96,141.24,140.85,141.0,45197,697,141.044221
2022-05-24 11:00:00+00:00,141.05,141.5,140.9,141.0,472803,3600,141.185494
2022-05-24 12:00:00+00:00,141.03,141.5,140.72,141.19,742086,6126,141.07517
2022-05-24 13:00:00+00:00,141.21,141.97,139.23,139.33,14629203,126037,140.688102
2022-05-24 14:00:00+00:00,139.33,139.34,137.33,138.17,19006569,184864,138.234723
2022-05-24 15:00:00+00:00,138.17,139.555,137.86,139.17,11557591,98321,138.527268
2022-05-24 16:00:00+00:00,139.175,140.27,137.86,139.11,10242238,77463,139.235571
2022-05-24 17:00:00+00:00,139.11,139.7,138.15,139.3209,9452679,70050,138.819604
2022-05-24 18:00:00+00:00,139.34,140.22,138.69,139.11,11495200,81059,139.444477
2022-05-24 19:00:00+00:00,139.105,140.9405,138.95,140.42,19522605,145256,140.046956
2022-05-24 20:00:00+00:00,140.52,140.87,138.7131,140.69,5788430,3128,140.368539
2022-05-24 21:00:00+00:00,140.36,140.77,140.36,140.75,219626,3185,140.424466
2022-05-24 22:00:00+00:00,140.74,141.32,140.69,141.24,96255,1257,141.041797
2022-05-24 23:00:00+00:00,141.27,141.6,141.22,141.6,112856,1326,141.452831
2022-05-25 06:00:00+00:00,142.13,142.13,142.13,142.13,200,9,141.9878
2022-05-25 08:00:00+00:00,141.19,141.19,140.01,140.4,46552,1034,140.428307
2022-05-25 09:00:00+00:00,140.36,140.5,139.7,140.45,45013,977,140.1797
2022-05-25 10:00:00+00:00,140.4,140.55,139.61,139.65,83182,1178,139.983267
2022-05-25 11:00:00+00:00,139.65,139.8899,138.67,138.89,638594,5840,139.103583
2022-05-25 12:00:00+00:00,138.87,139.4,138.08,138.68,985957,9952,138.772388
2022-05-25 13:00:00+00:00,138.7,140.34,138.11,139.33,11203117,101107,139.515642
2022-05-25 14:00:00+00:00,139.33,141.38,138.95,140.19,14160111,118492,140.203564
2022-05-25 15:00:00+00:00,140.19,140.63,139.45,139.9184,8379960,73639,140.090667
2022-05-25 16:00:00+00:00,139.92,140.185,138.8414,139.44,7848219,64292,139.408935
2022-05-25 17:00:00+00:00,139.43,139.76,138.5008,139.45,7848066,64662,139.213976
2022-05-25 18:00:00+00:00,139.4699,141.19,138.5534,141.09,14244819,104232,140.138586
2022-05-25 19:00:00+00:00,141.1,141.785,139.93,140.7011,15819276,123834,140.921198
2022-05-25 20:00:00+00:00,140.71,140.71,138.68,139.7741,10291925,5410,140.480937
2022-05-25 21:00:00+00:00,139.84,140.52,139.6094,139.78,52921,1237,139.752859
2022-05-25 22:00:00+00:00,139.78,140.4,139.78,140.02,77623,2040,140.123099
2022-05-25 23:00:00+00:00,140.06,140.25,139.85,139.93,53952,849,140.068856
2022-05-26 04:00:00+00:00,140.75,140.94,140.75,140.75,737,6,140.77578
2022-05-26 06:00:00+00:00,139.69,139.69,139.69,139.69,166,2,139.69
2022-05-26 08:00:00+00:00,140.53,140.53,138.25,138.28,156874,2550,139.013078
2022-05-26 09:00:00+00:00,138.32,138.62,138.03,138.43,106977,1667,138.424514
2022-05-26 10:00:00+00:00,138.41,139.09,138.3,138.9,57626,1073,138.620546
2022-05-26 11:00:00+00:00,138.85,139.8505,138.5711,138.92,617645,6648,139.19744
2022-05-26 12:00:00+00:00,138.91,139.25,138.28,138.68,862663,10877,138.773385
2022-05-26 13:00:00+00:00,138.65,140.97,137.14,140.6267,13036522,118872,138.906708
2022-05-26 14:00:00+00:00,140.63,141.97,137.4,141.8701,13874918,111390,140.914213
2022-05-26 15:00:00+00:00,141.875,143.11,141.79,142.96,10775616,88218,142.656753
2022-05-26 16:00:00+00:00,142.96,144.336,142.82,144.01,9998509,79806,143.754781
2022-05-26 17:00:00+00:00,144.0,144.33,143.38,143.78,7218771,62442,143.746147
2022-05-26 18:00:00+00:00,143.77,144.06,143.44,143.9001,6835232,57446,143.765653
2022-05-26 19:00:00+00:00,143.9099,144.34,143.06,143.75,15816599,120134,143.73386
2022-05-26 20:00:00+00:00,143.74,143.82,143.51,143.58,10833113,2593,143.777618
2022-05-26 21:00:00+00:00,143.78,143.78,143.55,143.64,53782,966,143.690323
2022-05-26 22:00:00+00:00,143.62,143.97,143.6,143.8,49659,1023,143.803138
2022-05-26 23:00:00+00:00,143.83,144.15,143.76,144.14,57472,920,143.924337
2022-05-27 05:00:00+00:00,143.97,143.97,143.97,143.97,337,4,143.969822
2022-05-27 06:00:00+00:00,143.7,143.7,143.03,143.03,418,19,143.463014
2022-05-27 08:00:00+00:00,143.99,144.24,143.0,144.06,44497,1170,143.721296
2022-05-27 09:00:00+00:00,144.0,144.45,143.85,144.4,29389,601,144.220188
2022-05-27 10:00:00+00:00,144.35,144.35,143.97,144.29,34579,813,144.113052
2022-05-27 11:00:00+00:00,144.18,144.3,143.65,143.75,299540,3115,144.040381
2022-05-27 12:00:00+00:00,143.75,145.58,143.67,145.36,1002347,10684,144.727399
2022-05-27 13:00:00+00:00,145.39,147.32,145.0,147.06,14497851,135189,146.296916
2022-05-27 14:00:00+00:00,147.05,148.66,146.92,147.43,16137543,134865,147.938601
2022-05-27 15:00:00+00:00,147.44,148.7,147.25,148.5931,9367289,78287,148.18548
2022-05-27 16:00:00+00:00,148.6,148.83,147.95,148.32,7757232,62659,148.362484
2022-05-27 17:00:00+00:00,148.31,148.71,148.06,148.295,5807939,50767,148.394969
2022-05-27 18:00:00+00:00,148.3,148.85,148.18,148.765,5931873,53591,148.550439
2022-05-27 19:00:00+00:00,148.765,149.68,148.56,149.65,18061883,140105,149.067783
2022-05-27 20:00:00+00:00,149.64,149.95,149.48,149.93,11284400,4673,149.640729
2022-05-27 21:00:00+00:00,149.92,149.95,149.64,149.85,215203,1968,149.734582
2022-05-27 22:00:00+00:00,149.8301,150.0,149.8,149.99,50182,1164,149.931834
2022-05-27 23:00:00+00:00,149.99,150.0,149.97,150.0,134782,2045,149.993151
2022-05-31 04:00:00+00:00,150.69,150.69,150.69,150.69,137,2,150.69
2022-05-31 06:00:00+00:00,150.0,150.0,150.0,150.0,223,22,150.000493
2022-05-31 08:00:00+00:00,150.0,151.0,148.89,150.01,102167,3073,149.81305
2022-05-31 09:00:00+00:00,150.0,150.0,148.99,149.05,72026,2030,149.290115
2022-05-31 10:00:00+00:00,149.01,149.37,148.73,149.23,52561,1240,149.003378
2022-05-31 11:00:00+00:00,149.15,149.78,149.15,149.5,400083,4534,149.437978
2022-05-31 12:00:00+00:00,149.48,149.59,148.59,148.6898,454095,6847,148.919446
2022-05-31 13:00:00+00:00,148.65,150.26,147.58,147.881,12980443,138874,148.572669
2022-05-31 14:00:00+00:00,147.875,148.79,146.84,148.519,11999471,119647,147.910896
2022-05-31 15:00:00+00:00,148.51,150.2401,147.855,149.973,9547789,87912,148.888382
2022-05-31 16:00:00+00:00,149.9796,150.58,149.23,149.9699,10467611,81044,150.001294
2022-05-31 17:00:00+00:00,149.96,150.66,149.36,150.235,9567119,67249,149.924141
2022-05-31 18:00:00+00:00,150.23,150.49,148.765,149.095,7196636,64957,149.837118
2022-05-31 19:00:00+00:00,149.0901,150.51,148.73,148.76,13182711,113081,149.61339
2022-05-31 20:00:00+00:00,148.84,149.28,148.5,148.9102,26578726,3844,148.842999
2022-05-31 21:00:00+00:00,148.9548,148.99,148.84,148.93,68540,868,148.895291
2022-05-31 22:00:00+00:00,148.95,149.59,148.93,149.33,57512,755,149.079569
2022-05-31 23:00:00+00:00,149.33,149.6,149.25,149.5,61480,974,149.46585
2022-06-01 08:00:00+00:00,148.95,149.48,148.35,148.76,38217,813,148.743092
2022-06-01 09:00:00+00:00,148.85,149.04,148.76,148.85,9966,259,148.937675
2022-06-01 10:00:00+00:00,148.84,148.96,148.6,148.75,25485,441,148.803876
2022-06-01 11:00:00+00:00,148.73,149.27,148.52,149.2601,160218,2708,148.888883
2022-06-01 12:00:00+00:00,149.32,149.89,149.32,149.6,483386,5271,149.605909
2022-06-01 13:00:00+00:00,149.56,151.52,149.51,151.3401,12160717,109403,150.700591
2022-06-01 14:00:00+00:00,151.3687,151.74,148.66,149.815,14731633,133217,149.888158
2022-06-01 15:00:00+00:00,149.81,149.81,147.91,148.24,8655433,82173,148.595219
2022-06-01 16:00:00+00:00,148.2309,148.59,147.68,148.25,5893680,59557,148.190695
2022-06-01 17:00:00+00:00,148.25,148.88,148.01,148.575,6063783,54778,148.531846
2022-06-01 18:00:00+00:00,148.57,149.86,148.5115,149.2175,7369912,65302,149.257457
2022-06-01 19:00:00+00:00,149.22,149.99,148.52,148.7,12113306,101539,149.380371
2022-06-01 20:00:00+00:00,148.7,148.79,148.39,148.4075,5805493,3025,148.704745
2022-06-01 21:00:00+00:00,148.5,148.65,148.4902,148.62,35577,826,148.584125
2022-06-01 22:00:00+00:00,148.63,148.69,148.42,148.53,69331,805,148.587277
2022-06-01 23:00:00+00:00,148.48,148.5,147.9,148.01,89584,1011,148.257894
2022-06-02 08:00:00+00:00,148.57,149.6,148.57,149.29,37568,784,149.259749
2022-06-02 09:00:00+00:00,149.23,149.48,149.23,149.34,7804,150,149.351109
2022-06-02 10:00:00+00:00,149.34,149.7,149.19,149.6,33215,423,149.445456
2022-06-02 11:00:00+00:00,149.58,149.65,149.2205,149.4,180718,2209,149.425095
2022-06-02 12:00:00+00:00,149.41,149.47,148.66,148.7,438426,4523,149.050172
2022-06-02 13:00:00+00:00,148.74,148.92,146.86,148.1601,10592686,99234,147.821027
2022-06-02 14:00:00+00:00,148.16,149.03,147.24,148.23,12627004,105101,148.062419
2022-06-02 15:00:00+00:00,148.21,149.9399,148.11,149.4412,10153770,83714,149.080647
2022-06-02 16:00:00+00:00,149.45,150.69,149.3512,150.48,7625980,66308,150.203777
2022-06-02 17:00:00+00:00,150.49,150.6153,149.96,150.305,5505786,50000,150.2876
2022-06-02 18:00:00+00:00,150.31,150.83,150.0701,150.12,5721156,50203,150.516115
2022-06-02 19:00:00+00:00,150.1091,151.27,150.06,151.23,11528573,97331,150.72346
2022-06-02 20:00:00+00:00,151.2,151.25,150.8,151.15,7116000,2777,151.206599
2022-06-02 21:00:00+00:00,151.1599,151.21,151.03,151.0902,43817,911,151.127265
2022-06-02 22:00:00+00:00,151.1,151.49,151.1,151.41,67416,1229,151.359778
2022-06-02 23:00:00+00:00,151.41,151.6,151.41,151.55,68910,938,151.518378
2022-06-03 04:00:00+00:00,150.79,150.79,150.79,150.79,148,1,150.79
2022-06-03 05:00:00+00:00,150.76,151.0,150.76,151.0,736,14,150.938098
2022-06-03 08:00:00+00:00,150.7,150.7,149.87,150.39,65707,1094,150.202842
2022-06-03 09:00:00+00:00,150.29,150.32,150.02,150.24,27018,448,150.157309
2022-06-03 10:00:00+00:00,150.2,150.27,147.65,148.21,180939,2442,148.849646
2022-06-03 11:00:00+00:00,148.34,148.85,147.58,147.65,718775,8523,148.196225
2022-06-03 12:00:00+00:00,147.6512,148.94,147.07,147.56,1574400,15211,147.747059
2022-06-03 13:00:00+00:00,147.6199,148.05,145.72,147.135,14362911,139110,146.744098
2022-06-03 14:00:00+00:00,147.15,147.4782,145.25,145.52,14426804,137295,146.321436
2022-06-03 15:00:00+00:00,145.51,145.585,144.46,145.1316,10795944,111534,144.981846
2022-06-03 16:00:00+00:00,145.13,146.105,145.01,145.95,7346214,72842,145.578042
2022-06-03 17:00:00+00:00,145.9521,146.3442,144.85,145.0499,7750180,70043,145.478996
2022-06-03 18:00:00+00:00,145.0451,145.72,144.92,145.48,6567915,57577,145.346542
2022-06-03 19:00:00+00:00,145.48,145.74,144.81,145.39,13457527,115903,145.325814
2022-06-03 20:00:00+00:00,145.38,145.57,145.24,145.4,8501655,3358,145.38092
2022-06-03 21:00:00+00:00,145.3901,145.64,145.3507,145.47,79455,1819,145.506622
2022-06-03 22:00:00+00:00,145.47,145.47,145.15,145.2,62816,1187,145.296271
2022-06-03 23:00:00+00:00,145.21,145.33,145.1,145.2,51993,973,145.195349
2022-06-06 06:00:00+00:00,146.76,146.76,146.76,146.76,172,2,146.76
2022-06-06 08:00:00+00:00,146.19,147.72,146.19,147.68,66305,1558,147.406164
2022-06-06 09:00:00+00:00,147.6,147.67,147.27,147.3712,20725,541,147.503531
2022-06-06 10:00:00+00:00,147.44,148.0,147.44,147.71,42331,794,147.695523
2022-06-06 11:00:00+00:00,147.75,147.75,147.14,147.4,291026,4484,147.350167
2022-06-06 12:00:00+00:00,147.43,147.64,146.95,146.96,553757,5711,147.258841
2022-06-06 13:00:00+00:00,146.96,148.31,146.75,147.83,10360902,102641,147.634006
2022-06-06 14:00:00+00:00,147.83,148.5689,147.75,148.17,9982715,95029,148.200816
2022-06-06 15:00:00+00:00,148.18,148.3385,146.01,146.52,9794066,89039,146.799842
2022-06-06 16:00:00+00:00,146.52,146.57,145.2,146.085,6995056,64608,145.751741
2022-06-06 17:00:00+00:00,146.08,146.74,145.6,146.6487,6318631,54513,146.169488
2022-06-06 18:00:00+00:00,146.65,146.89,145.07,145.3999,8469092,69713,145.913044
2022-06-06 19:00:00+00:00,145.4,146.47,144.9,146.14,12202641,103036,145.702308
2022-06-06 20:00:00+00:00,146.14,146.5,146.05,146.27,5856284,3587,146.142018
2022-06-06 21:00:00+00:00,146.27,146.42,146.14,146.2883,69762,1012,146.256367
2022-06-06 22:00:00+00:00,146.29,146.3,146.03,146.07,50199,885,146.176383
2022-06-06 23:00:00+00:00,146.06,146.54,146.06,146.5,63183,949,146.305592
2022-06-07 04:00:00+00:00,145.88,145.88,145.88,145.88,943,4,145.88
2022-06-07 05:00:00+00:00,145.61,145.66,145.61,145.66,539,6,145.59436
2022-06-07 08:00:00+00:00,145.88,145.88,145.41,145.62,32036,686,145.550709
2022-06-07 09:00:00+00:00,145.6,145.72,145.45,145.46,14505,328,145.541846
2022-06-07 10:00:00+00:00,145.49,145.55,144.96,144.96,61418,1074,145.3361
2022-06-07 11:00:00+00:00,144.96,145.41,143.95,144.13,517568,5804,144.50081
2022-06-07 12:00:00+00:00,144.17,145.775,143.8,144.069,745518,6738,144.058227
2022-06-07 13:00:00+00:00,144.05,147.0999,143.8614,146.6,11094290,101863,145.758619
2022-06-07 14:00:00+00:00,146.62,148.3,145.93,147.745,11733131,104279,147.200764
2022-06-07 15:00:00+00:00,147.75,147.85,146.785,147.57,8371261,62697,147.327275
2022-06-07 16:00:00+00:00,147.565,147.885,147.09,147.68,5181219,46627,147.529626
2022-06-07 17:00:00+00:00,147.685,148.36,147.62,148.1388,5903520,47526,148.118729
2022-06-07 18:00:00+00:00,148.14,148.97,148.03,148.365,6807559,55504,148.592129
2022-06-07 19:00:00+00:00,148.37,149.0,147.8,148.69,9608647,83275,148.738916
2022-06-07 20:00:00+00:00,148.66,148.71,148.23,148.31,7240152,3394,148.700568
2022-06-07 21:00:00+00:00,148.3474,148.41,148.2817,148.41,35888,806,148.385361
2022-06-07 22:00:00+00:00,148.41,148.49,148.4,148.48,40879,669,148.443833
2022-06-07 23:00:00+00:00,148.47,148.5,148.2,148.22,52295,864,148.350247
2022-06-08 08:00:00+00:00,147.85,148.53,147.85,148.44,26943,600,148.282057
2022-06-08 09:00:00+00:00,148.44,148.45,148.27,148.45,6858,172,148.389972
2022-06-08 10:00:00+00:00,148.25,148.4,147.88,148.4,23503,411,148.172848
2022-06-08 11:00:00+00:00,148.33,148.94,148.25,148.45,306595,2461,148.528806
2022-06-08 12:00:00+00:00,148.38,148.46,147.75,148.25,290807,3878,148.172722
2022-06-08 13:00:00+00:00,148.25,149.8697,148.0,149.73,9735862,84073,149.162698
2022-06-08 14:00:00+00:00,149.73,149.77,148.57,149.01,9284393,78648,149.256099
2022-06-08 15:00:00+00:00,149.01,149.6472,148.65,149.06,5899312,51454,149.248562
2022-06-08 16:00:00+00:00,149.06,149.37,147.74,148.23,5249608,47730,148.546767
2022-06-08 17:00:00+00:00,148.22,148.38,147.46,148.2538,4949571,42870,147.961697
2022-06-08 18:00:00+00:00,148.26,148.43,147.57,147.8706,4885839,40225,147.995613
2022-06-08 19:00:00+00:00,147.871,148.47,147.5649,148.0,7635947,69031,147.989954
2022-06-08 20:00:00+00:00,147.96,148.29,147.78,147.92,5261187,2254,147.960352
2022-06-08 21:00:00+00:00,147.96,148.06,147.88,147.94,42090,625,147.986618
2022-06-08 22:00:00+00:00,147.96,148.05,147.91,148.0,22747,290,147.970788
2022-06-08 23:00:00+00:00,147.97,148.05,147.87,147.92,29189,461,147.947154
2022-06-09 06:00:00+00:00,148.0,148.0,148.0,148.0,303,5,148.0
2022-06-09 08:00:00+00:00,147.8,148.53,147.55,148.53,23908,567,147.949197
2022-06-09 09:00:00+00:00,148.5,148.5,148.27,148.33,10071,229,148.358748
2022-06-09 10:00:00+00:00,148.37,149.76,148.28,148.8,74326,856,148.960857
2022-06-09 11:00:00+00:00,148.77,149.29,147.96,148.56,394513,3182,148.78574
2022-06-09 12:00:00+00:00,148.55,148.58,147.35,147.69,763387,7862,147.966296
2022-06-09 13:00:00+00:00,147.66,147.95,146.38,147.62,9840162,88391,147.145273
2022-06-09 14:00:00+00:00,147.63,147.66,146.1416,146.4301,10142332,88697,146.797755
2022-06-09 15:00:00+00:00,146.43,146.92,145.95,146.3199,6555819,59858,146.363598
2022-06-09 16:00:00+00:00,146.33,146.52,145.8,146.37,5661507,51175,146.133129
2022-06-09 17:00:00+00:00,146.38,146.64,145.58,146.0399,5329320,45389,146.06597
2022-06-09 18:00:00+00:00,146.04,146.04,144.74,144.755,5971798,57710,145.351959
2022-06-09 19:00:00+00:00,144.755,144.79,142.53,142.605,15585904,138375,143.518403
2022-06-09 20:00:00+00:00,142.61,142.9,142.0,142.89,8295123,6763,142.640599
2022-06-09 21:00:00+00:00,142.89,143.1399,142.64,143.0484,449142,2674,142.762054
2022-06-09 22:00:00+00:00,143.03,143.23,142.82,142.9,53420,1093,142.983125
2022-06-09 23:00:00+00:00,142.86,143.14,142.75,143.0,73438,1184,142.957654
2022-06-10 04:00:00+00:00,143.28,143.28,143.28,143.28,105,1,143.28
2022-06-10 06:00:00+00:00,143.7,143.7,143.7,143.7,285,3,143.7
2022-06-10 08:00:00+00:00,143.03,143.48,142.9,143.0,45574,1450,143.233172
2022-06-10 09:00:00+00:00,143.04,143.38,143.04,143.26,10402,295,143.178873
2022-06-10 10:00:00+00:00,143.29,143.31,142.77,142.95,12027,441,143.071091
2022-06-10 11:00:00+00:00,143.03,143.19,142.75,142.95,231290,3040,143.017612
2022-06-10 12:00:00+00:00,143.0,143.33,139.66,140.05,1369750,19826,140.813749
2022-06-10 13:00:00+00:00,139.86,140.76,138.32,138.49,13465896,148128,139.563642
2022-06-10 14:00:00+00:00,138.48,140.18,137.38,137.64,16320131,161727,138.104247
2022-06-10 15:00:00+00:00,137.64,138.0513,137.27,137.84,9473915,102409,137.601614
2022-06-10 16:00:00+00:00,137.8586,138.21,137.45,137.7747,7007116,73986,137.817923
2022-06-10 17:00:00+00:00,137.775,138.74,137.46,138.2,7024596,69222,138.044128
2022-06-10 18:00:00+00:00,138.21,139.02,137.79,138.74,7260565,69505,138.216381
2022-06-10 19:00:00+00:00,138.75,139.165,137.06,137.12,17585846,153757,138.058779
2022-06-10 20:00:00+00:00,137.13,137.52,137.06,137.37,10813346,5932,137.133745
2022-06-10 21:00:00+00:00,137.35,137.37,137.13,137.28,164514,2890,137.176509
2022-06-10 22:00:00+00:00,137.3,137.4,137.25,137.35,72115,2064,137.346272
2022-06-10 23:00:00+00:00,137.35,137.5,137.29,137.37,58675,1392,137.375811
2022-06-13 05:00:00+00:00,134.5,134.5,134.4,134.4,279,15,134.453692
2022-06-13 08:00:00+00:00,134.98,135.98,132.54,132.89,336046,7898,133.164968
2022-06-13 09:00:00+00:00,132.88,133.2,132.56,133.07,161052,3640,132.964327
2022-06-13 10:00:00+00:00,133.02,133.6,132.92,133.48,96959,2343,133.273827
2022-06-13 11:00:00+00:00,133.48,133.8,132.53,132.69,894355,12359,133.064865
2022-06-13 12:00:00+00:00,132.6,133.48,132.6,133.1,798007,11209,133.135788
2022-06-13 13:00:00+00:00,133.07,134.66,132.582,134.5999,18406307,176396,133.523709
2022-06-13 14:00:00+00:00,134.6,135.2,132.57,133.07,18135290,175255,133.548898
2022-06-13 15:00:00+00:00,133.0899,134.53,132.63,133.73,13436459,124530,133.742922
2022-06-13 16:00:00+00:00,133.73,135.0569,133.51,133.725,11368385,87931,134.104932
2022-06-13 17:00:00+00:00,133.73,134.3179,133.14,134.2325,8232959,75650,133.681679
2022-06-13 18:00:00+00:00,134.23,134.25,132.71,132.745,9665933,88119,133.38739
2022-06-13 19:00:00+00:00,132.75,133.3118,131.44,131.88,24656882,228977,132.210048
2022-06-13 20:00:00+00:00,131.88,132.62,131.88,132.45,14671578,7128,131.894501
2022-06-13 21:00:00+00:00,132.37,132.52,132.25,132.35,77376,2323,132.410482
2022-06-13 22:00:00+00:00,132.4,132.87,132.3,132.5,110303,2264,132.669499
2022-06-13 23:00:00+00:00,132.5,132.52,132.03,132.4,119823,1959,132.250311
2022-06-14 04:00:00+00:00,133.94,133.94,133.94,133.94,145,2,133.94
2022-06-14 05:00:00+00:00,134.47,134.47,134.47,134.47,580,3,134.466276
2022-06-14 08:00:00+00:00,133.01,134.0,133.01,133.1,64459,1660,133.555681
2022-06-14 09:00:00+00:00,133.15,133.3,133.0,133.15,22817,737,133.144575
2022-06-14 10:00:00+00:00,133.0,133.28,132.5,133.13,37295,892,132.808179
2022-06-14 11:00:00+00:00,133.0,133.06,132.35,132.4,271537,4077,132.64149
2022-06-14 12:00:00+00:00,132.39,133.79,131.551,133.2,725786,7580,133.210684
2022-06-14 13:00:00+00:00,133.16,133.77,131.53,133.1001,11898660,113205,132.428768
2022-06-14 14:00:00+00:00,133.11,133.25,131.48,132.5898,14611641,118365,132.378161
2022-06-14 15:00:00+00:00,132.58,132.95,131.82,132.81,9527778,82783,132.359785
2022-06-14 16:00:00+00:00,132.81,132.84,131.91,132.5001,6386551,62837,132.281822
2022-06-14 17:00:00+00:00,132.5,133.89,132.29,132.4802,8790558,75980,132.966489
2022-06-14 18:00:00+00:00,132.49,133.14,132.285,132.4,7494854,69337,132.764822
2022-06-14 19:00:00+00:00,132.395,133.49,131.71,132.86,15199677,127519,132.646352
2022-06-14 20:00:00+00:00,132.76,132.87,132.62,132.84,9243384,2923,132.759568
2022-06-14 21:00:00+00:00,132.81,132.9099,132.69,132.72,189022,1120,132.767745
2022-06-14 22:00:00+00:00,132.74,133.3,132.74,133.07,115718,1398,133.041554
2022-06-14 23:00:00+00:00,133.15,133.9,133.0,133.79,143414,1671,133.312334
2022-06-15 05:00:00+00:00,133.19,133.19,133.19,133.19,103,3,133.19
2022-06-15 06:00:00+00:00,133.05,133.05,132.86,132.86,805,5,132.90913
2022-06-15 08:00:00+00:00,133.46,133.84,133.3,133.55,58223,1029,133.591656
2022-06-15 09:00:00+00:00,133.5,133.65,133.26,133.44,16546,436,133.416432
2022-06-15 10:00:00+00:00,133.5,133.5,133.34,133.34,5799,148,133.380357
2022-06-15 11:00:00+00:00,133.5,134.23,133.3,134.17,342430,4138,133.816101
2022-06-15 12:00:00+00:00,134.11,134.55,132.429,134.33,541919,7701,134.069963
2022-06-15 13:00:00+00:00,134.38,134.74,133.67,134.2,9621349,91468,134.253711
2022-06-15 14:00:00+00:00,134.22,134.6108,133.38,133.82,11025450,91982,134.048226
2022-06-15 15:00:00+00:00,133.81,134.485,133.61,134.42,6737545,62688,134.069333
2022-06-15 16:00:00+00:00,134.425,134.88,133.52,133.615,6572075,57286,134.361718
2022-06-15 17:00:00+00:00,133.62,134.5299,133.49,134.3899,6359852,55765,133.967308
2022-06-15 18:00:00+00:00,134.36,136.49,132.16,134.865,18526663,168423,134.141361
2022-06-15 19:00:00+00:00,134.88,137.34,134.66,135.42,18464106,162320,135.712499
2022-06-15 20:00:00+00:00,135.43,135.57,134.62,135.4,10837185,3636,135.428061
2022-06-15 21:00:00+00:00,135.45,135.9,135.43,135.86,121365,1668,135.667272
2022-06-15 22:00:00+00:00,135.86,136.34,135.75,136.25,125030,1821,136.094069
2022-06-15 23:00:00+00:00,136.21,136.69,136.04,136.5,76245,1499,136.340043
2022-06-16 05:00:00+00:00,134.75,134.75,134.75,134.75,177,2,134.75
2022-06-16 06:00:00+00:00,134.75,134.75,134.75,134.75,5751,6,134.75
2022-06-16 08:00:00+00:00,133.0,133.0,131.51,131.67,182644,3464,132.255182
2022-06-16 09:00:00+00:00,131.53,131.83,131.2,131.73,67967,1724,131.491234
2022-06-16 10:00:00+00:00,131.69,131.91,131.25,131.63,87626,1896,131.553161
2022-06-16 11:00:00+00:00,131.68,132.35,131.63,132.35,630440,6724,131.925934
2022-06-16 12:00:00+00:00,132.2521,133.48,132.23,132.63,990788,10485,132.78628
2022-06-16 13:00:00+00:00,132.63,132.68,130.5,131.21,14024912,136436,131.423475
2022-06-16 14:00:00+00:00,131.21,132.08,129.89,130.1281,15275518,166351,130.740102
2022-06-16 15:00:00+00:00,130.1285,131.16,130.09,130.89,9635185,98221,130.652523
2022-06-16 16:00:00+00:00,130.89,131.186,130.195,131.04,8621224,86241,130.714362
2022-06-16 17:00:00+00:00,131.03,131.75,130.01,130.02,9222178,90983,130.946724
2022-06-16 18:00:00+00:00,130.01,130.205,129.29,129.55,13012012,111577,129.814408
2022-06-16 19:00:00+00:00,129.54,130.3,129.04,130.1,21043386,182721,129.717615
2022-06-16 20:00:00+00:00,130.11,131.195,130.05,130.55,14818846,5767,130.069453
2022-06-16 21:00:00+00:00,130.5,130.53,130.33,130.48,89622,2139,130.410221
2022-06-16 22:00:00+00:00,130.48,130.8,130.4,130.46,108764,1491,130.556075
2022-06-16 23:00:00+00:00,130.45,130.6,130.2,130.53,88012,1540,130.384886
2022-06-17 05:00:00+00:00,131.86,131.86,131.86,131.86,172,1,131.86
2022-06-17 06:00:00+00:00,131.58,131.58,131.58,131.58,100,1,131.58
2022-06-17 07:00:00+00:00,130.99,130.99,130.99,130.99,105,5,130.990095
2022-06-17 08:00:00+00:00,131.0,131.7,130.92,131.37,58431,1284,131.385089
2022-06-17 09:00:00+00:00,131.3,131.59,131.2,131.48,31847,673,131.451982
2022-06-17 10:00:00+00:00,131.4,131.69,131.2,131.42,33370,617,131.471323
2022-06-17 11:00:00+00:00,131.42,131.99,131.23,131.36,377985,4104,131.500627
2022-06-17 12:00:00+00:00,131.3205,131.4399,130.6,130.7,550692,5970,131.094885
2022-06-17 13:00:00+00:00,130.7,132.66,129.76,132.05,26377856,115725,130.719259
2022-06-17 14:00:00+00:00,132.06,132.4199,129.81,130.5968,13407633,124682,131.026833
2022-06-17 15:00:00+00:00,130.6,132.83,130.205,131.3465,12713214,113916,131.772017
2022-06-17 16:00:00+00:00,131.35,132.32,131.08,131.97,8853581,74775,131.823918
2022-06-17 17:00:00+00:00,131.98,133.079,131.65,132.0737,8748855,75031,132.373567
2022-06-17 18:00:00+00:00,132.08,132.54,131.69,131.874,8197586,71221,132.115214
2022-06-17 19:00:00+00:00,131.87,132.22,131.0428,131.42,18543992,147720,131.755678
2022-06-17 20:00:00+00:00,131.43,131.7,131.35,131.52,34494989,3328,131.560244
2022-06-17 21:00:00+00:00,131.51,131.56,131.42,131.5273,1659818,1625,131.555325
2022-06-17 22:00:00+00:00,131.57,131.66,131.51,131.62,381172,607,131.560881
2022-06-17 23:00:00+00:00,131.55,131.61,131.5,131.56,20895,456,131.528777
2022-06-21 08:00:00+00:00,132.51,135.99,132.51,134.44,153587,2414,134.467762
2022-06-21 09:00:00+00:00,134.45,134.5,133.93,134.02,43109,947,134.262978
2022-06-21 10:00:00+00:00,134.09,134.43,133.96,134.23,71124,941,134.186672
2022-06-21 11:00:00+00:00,134.28,134.3,133.4,133.4793,443841,4793,133.804447
2022-06-21 12:00:00+00:00,133.43,133.9,131.232,133.48,1418296,6219,132.16304
2022-06-21 13:00:00+00:00,133.51,136.46,133.2,136.34,16215077,147465,135.239629
2022-06-21 14:00:00+00:00,136.35,136.9,135.79,136.8094,12159593,106254,136.451454
2022-06-21 15:00:00+00:00,136.81,137.06,135.99,135.99,7966150,74457,136.602271
2022-06-21 16:00:00+00:00,135.995,136.25,135.7,136.07,6727597,60892,135.990531
2022-06-21 17:00:00+00:00,136.075,136.18,135.64,135.82,4590286,44270,135.921952
2022-06-21 18:00:00+00:00,135.83,136.23,135.47,136.195,6365954,54600,135.793706
2022-06-21 19:00:00+00:00,136.2,136.41,135.585,135.86,11697414,94700,136.024974
2022-06-21 20:00:00+00:00,135.86,135.99,135.71,135.87,12840956,2354,135.870252
2022-06-21 21:00:00+00:00,135.88,135.94,135.78,135.84,54002,871,135.846065
2022-06-21 22:00:00+00:00,135.8,135.8,135.53,135.61,164331,904,135.817714
2022-06-21 23:00:00+00:00,135.64,135.7,135.51,135.6,57767,821,135.610697
2022-06-22 04:00:00+00:00,134.0,134.0,134.0,134.0,1850,5,134.0
2022-06-22 05:00:00+00:00,134.0,134.0,134.0,134.0,436,15,134.0
2022-06-22 06:00:00+00:00,133.45,133.45,133.44,133.44,1008,5,133.443988
2022-06-22 08:00:00+00:00,134.98,134.98,132.62,132.98,115746,1917,132.891908
2022-06-22 09:00:00+00:00,133.09,133.3,132.85,133.23,28284,463,133.080744
2022-06-22 10:00:00+00:00,133.15,133.56,133.15,133.39,36196,546,133.388627
2022-06-22 11:00:00+00:00,133.41,133.9299,133.39,133.7,255883,3721,133.675588
2022-06-22 12:00:00+00:00,133.75,134.24,133.4,134.13,432298,5262,133.602877
2022-06-22 13:00:00+00:00,134.17,135.945,133.7,135.67,11077589,93938,134.731661
2022-06-22 14:00:00+00:00,135.68,137.76,135.25,136.8075,13032744,106496,136.765026
2022-06-22 15:00:00+00:00,136.82,136.9843,135.3,135.48,8936763,72856,136.34164
2022-06-22 16:00:00+00:00,135.47,136.1,135.14,136.02,6942877,51323,135.706246
2022-06-22 17:00:00+00:00,136.04,136.4569,135.6593,136.0601,5712717,43560,136.143991
2022-06-22 18:00:00+00:00,136.07,136.97,136.03,136.455,6589627,53136,136.522195
2022-06-22 19:00:00+00:00,136.46,136.64,134.98,135.3,10285360,90523,135.728329
2022-06-22 20:00:00+00:00,135.31,135.4,135.0,135.21,9674531,2112,135.347949
2022-06-22 21:00:00+00:00,135.17,135.22,135.1,135.16,33717,559,135.142972
2022-06-22 22:00:00+00:00,135.15,135.2,134.75,134.78,86341,1085,134.914167
2022-06-22 23:00:00+00:00,134.82,134.84,134.15,134.16,119696,1444,134.400728
2022-06-23 06:00:00+00:00,134.65,134.65,134.65,134.65,392,7,134.654286
2022-06-23 08:00:00+00:00,134.21,135.95,134.21,135.72,61499,934,135.597426
2022-06-23 09:00:00+00:00,135.76,136.3,135.75,136.3,22627,429,135.928528
2022-06-23 10:00:00+00:00,136.23,136.95,136.23,136.76,44390,964,136.532466
2022-06-23 11:00:00+00:00,136.77,136.94,136.35,136.6,314158,3310,136.570883
2022-06-23 12:00:00+00:00,136.6201,136.66,136.02,136.32,444103,4000,136.240747
2022-06-23 13:00:00+00:00,136.27,137.45,135.63,136.62,11168110,98444,136.359989
2022-06-23 14:00:00+00:00,136.61,137.77,136.42,137.68,12218272,105002,137.112645
2022-06-23 15:00:00+00:00,137.67,138.26,136.9201,137.0901,8871406,77479,137.61307
2022-06-23 16:00:00+00:00,137.095,137.145,136.12,136.415,6534899,56674,136.638532
2022-06-23 17:00:00+00:00,136.41,137.03,136.04,137.0041,5739227,51295,136.54722
2022-06-23 18:00:00+00:00,137.005,137.725,136.89,137.63,5938793,50018,137.302921
2022-06-23 19:00:00+00:00,137.63,138.59,137.36,138.25,12534931,98456,138.130073
2022-06-23 20:00:00+00:00,138.24,138.35,137.71,137.85,8218278,2659,138.265865
2022-06-23 21:00:00+00:00,137.85,138.01,137.7904,137.9,60385,840,137.898406
2022-06-23 22:00:00+00:00,137.85,138.17,137.85,138.1,61049,680,138.00055
2022-06-23 23:00:00+00:00,138.06,138.25,138.02,138.1,60173,1032,138.170035
2022-06-24 08:00:00+00:00,139.01,139.85,139.01,139.7,60701,1277,139.591233
2022-06-24 09:00:00+00:00,139.88,140.0,139.57,139.88,28298,607,139.758316
2022-06-24 10:00:00+00:00,139.91,139.91,139.54,139.55,32120,542,139.646609
2022-06-24 11:00:00+00:00,139.56,139.8,139.05,139.46,290711,3440,139.538616
2022-06-24 12:00:00+00:00,139.4999,139.7,139.3,139.67,250903,3679,139.55075
2022-06-24 13:00:00+00:00,139.64,141.07,139.64,139.9892,12953983,107486,140.362615
2022-06-24 14:00:00+00:00,139.99,141.48,139.99,140.315,11439184,102338,140.802882
2022-06-24 15:00:00+00:00,140.3,140.5,139.77,140.24,8088424,61919,140.073324
2022-06-24 16:00:00+00:00,140.2418,140.4,139.83,140.12,4635260,45632,140.107586
2022-06-24 17:00:00+00:00,140.13,140.27,139.81,139.92,4715152,44433,140.0075
2022-06-24 18:00:00+00:00,139.915,140.48,139.85,140.445,5003349,43563,140.18125
2022-06-24 19:00:00+00:00,140.445,141.91,140.04,141.84,14384353,112156,140.837342
2022-06-24 20:00:00+00:00,141.66,141.89,141.36,141.66,26911643,4427,141.657954
2022-06-24 21:00:00+00:00,141.58,141.65,141.45,141.52,95347,1533,141.546612
2022-06-24 22:00:00+00:00,141.52,141.66,141.52,141.64,43733,1116,141.590498
2022-06-24 23:00:00+00:00,141.65,141.75,141.61,141.75,41264,903,141.688608
2022-06-27 08:00:00+00:00,142.0,143.03,142.0,142.55,99716,2750,142.763538
2022-06-27 09:00:00+00:00,142.54,142.68,142.19,142.55,25185,768,142.476898
2022-06-27 10:00:00+00:00,142.55,142.57,142.0,142.42,34130,891,142.299461
2022-06-27 11:00:00+00:00,142.41,142.97,142.07,142.79,356279,4271,142.718422
2022-06-27 12:00:00+00:00,142.8,142.84,142.16,142.32,519594,6125,142.246798
2022-06-27 13:00:00+00:00,142.32,143.49,141.29,141.89,12402986,115964,142.281833
2022-06-27 14:00:00+00:00,141.91,142.95,141.69,142.84,10549708,90778,142.27777
2022-06-27 15:00:00+00:00,142.8375,143.09,142.225,143.035,6113534,56412,142.69558
2022-06-27 16:00:00+00:00,143.0474,143.07,142.07,142.5499,5787198,52408,142.549361
2022-06-27 17:00:00+00:00,142.55,142.58,141.565,141.6754,4863973,43715,142.067809
2022-06-27 18:00:00+00:00,141.68,142.055,141.5,141.61,5217793,44912,141.766873
2022-06-27 19:00:00+00:00,141.62,141.85,140.965,141.71,10547984,90264,141.434019
2022-06-27 20:00:00+00:00,141.71,142.087,141.53,141.957,13490021,2232,141.66252
2022-06-27 21:00:00+00:00,141.95,141.98,141.92,141.92,26672,591,141.941954
2022-06-27 22:00:00+00:00,141.95,141.95,141.75,141.87,24341,345,141.859474
2022-06-27 23:00:00+00:00,141.87,141.98,141.87,141.98,40530,554,141.927181
2022-06-28 08:00:00+00:00,142.01,142.44,141.59,142.44,27272,551,142.22789
2022-06-28 09:00:00+00:00,142.4,142.62,142.34,142.38,29742,544,142.493631
2022-06-28 10:00:00+00:00,142.37,142.43,142.24,142.42,20472,294,142.324586
2022-06-28 11:00:00+00:00,142.35,142.66,142.3,142.39,152579,2317,142.461753
2022-06-28 12:00:00+00:00,142.4,142.49,141.77,142.1,382559,4224,141.978856
2022-06-28 13:00:00+00:00,142.13,143.422,141.89,142.4,8146947,79157,142.802316
2022-06-28 14:00:00+00:00,142.4,142.55,140.37,140.795,10226033,87800,141.246412
2022-06-28 15:00:00+00:00,140.79,141.03,138.835,139.0509,8023387,78928,139.91096
2022-06-28 16:00:00+00:00,139.06,139.43,138.65,139.305,6936210,64443,139.086627
2022-06-28 17:00:00+00:00,139.3022,139.3022,138.5,138.815,4715996,47899,138.839251
2022-06-28 18:00:00+00:00,138.82,139.08,137.58,138.0012,5789149,57882,138.160458
2022-06-28 19:00:00+00:00,138.0072,138.25,137.325,137.44,12892999,112774,137.643121
2022-06-28 20:00:00+00:00,137.45,137.79,137.3,137.45,9464691,3324,137.440098
2022-06-28 21:00:00+00:00,137.48,137.52,137.4,137.4299,149234,1500,137.451519
2022-06-28 22:00:00+00:00,137.46,137.62,137.44,137.58,160824,612,137.460879
2022-06-28 23:00:00+00:00,137.53,137.8,137.33,137.71,70043,1059,137.562941
2022-06-29 05:00:00+00:00,138.38,138.38,138.12,138.12,550,4,138.319836
2022-06-29 08:00:00+00:00,137.44,138.0,137.3,137.46,20021,547,137.510194
2022-06-29 09:00:00+00:00,137.5,137.52,136.88,136.9,23606,629,137.192218
2022-06-29 10:00:00+00:00,136.87,137.3,136.87,137.06,29899,568,137.116504
2022-06-29 11:00:00+00:00,137.22,137.72,136.92,137.6,146761,2775,137.216891
2022-06-29 12:00:00+00:00,137.67,138.13,137.08,137.33,326406,4933,137.536084
2022-06-29 13:00:00+00:00,137.2201,139.63,136.67,139.5299,9938129,96613,138.064301
2022-06-29 14:00:00+00:00,139.51,140.67,138.75,140.06,11992899,116528,139.806689
2022-06-29 15:00:00+00:00,140.07,140.27,139.44,140.0,7450587,73921,139.884999
2022-06-29 16:00:00+00:00,139.99,140.05,138.695,139.13,6274924,64081,139.217262
2022-06-29 17:00:00+00:00,139.14,139.72,138.7399,139.64,5244764,50654,139.175785
2022-06-29 18:00:00+00:00,139.64,140.18,138.93,139.16,6534338,55825,139.622598
2022-06-29 19:00:00+00:00,139.165,140.05,138.81,139.25,12319956,98981,139.355293
2022-06-29 20:00:00+00:00,139.24,139.49,138.8219,139.2,5594832,1655,139.228902
2022-06-29 21:00:00+00:00,139.2,139.21,139.05,139.08,26770,357,139.171777
2022-06-29 22:00:00+00:00,139.15,139.23,139.08,139.15,133348,374,139.216086
2022-06-29 23:00:00+00:00,139.11,139.23,138.9999,139.14,43940,382,139.134429
2022-06-30 06:00:00+00:00,136.98,136.98,136.98,136.98,166,3,136.984277
2022-06-30 08:00:00+00:00,138.11,139.1,137.04,137.22,78743,1275,137.393676
2022-06-30 09:00:00+00:00,137.2,137.31,136.5,136.85,52506,1193,136.758855
2022-06-30 10:00:00+00:00,136.9,136.97,136.6,136.8,27190,381,136.794287
2022-06-30 11:00:00+00:00,136.82,137.0,136.55,136.73,218396,3164,136.786107
2022-06-30 12:00:00+00:00,136.74,137.82,136.67,137.02,630705,7353,137.216442
2022-06-30 13:00:00+00:00,137.04,137.6,134.92,134.945,11601343,124929,136.227852
2022-06-30 14:00:00+00:00,134.96,135.6,133.7737,135.51,14241720,136769,134.65835
2022-06-30 15:00:00+00:00,135.51,137.68,135.22,137.3828,11509853,100439,136.527606
2022-06-30 16:00:00+00:00,137.385,138.37,136.486,137.715,9678755,75851,137.474968
2022-06-30 17:00:00+00:00,137.72,138.12,136.87,137.97,6893514,56415,137.493539
2022-06-30 18:00:00+00:00,137.97,138.15,136.48,136.6241,7527342,61518,137.285209
2022-06-30 19:00:00+00:00,136.64,137.44,135.7,136.76,16783924,132833,136.474345
2022-06-30 20:00:00+00:00,136.83,137.06,136.27,136.77,19397271,3356,136.71978
2022-06-30 21:00:00+00:00,136.75,136.85,136.64,136.69,66770,729,136.746534
2022-06-30 22:00:00+00:00,136.67,136.67,136.2,136.55,56537,767,136.465337
2022-06-30 23:00:00+00:00,136.63,137.15,136.47,136.73,62622,878,136.780374
2022-07-01 04:00:00+00:00,135.45,135.45,135.45,135.45,146,5,135.451712
2022-07-01 08:00:00+00:00,135.76,136.32,135.32,136.29,55759,680,135.704891
2022-07-01 09:00:00+00:00,136.12,136.59,136.04,136.41,46270,719,136.360587
2022-07-01 10:00:00+00:00,136.5,136.5,135.89,135.89,51861,765,136.114965
2022-07-01 11:00:00+00:00,135.98,136.35,135.42,135.65,280844,2847,135.921425
2022-07-01 12:00:00+00:00,135.66,136.72,135.51,136.05,436715,4735,135.903228
2022-07-01 13:00:00+00:00,136.07,138.13,135.92,137.74,10205973,98083,137.011663
2022-07-01 14:00:00+00:00,137.75,138.32,135.66,136.59,12613893,111643,136.605614
2022-07-01 15:00:00+00:00,136.58,137.25,136.16,136.35,7253897,69224,136.714741
2022-07-01 16:00:00+00:00,136.355,137.1899,136.0718,136.52,5792868,54179,136.724963
2022-07-01 17:00:00+00:00,136.505,137.72,136.44,137.7178,6515606,50901,137.131323
2022-07-01 18:00:00+00:00,137.715,138.56,137.24,138.375,6271908,53940,137.994287
2022-07-01 19:00:00+00:00,138.38,139.04,137.851,138.94,12540228,105838,138.511571
2022-07-01 20:00:00+00:00,138.93,139.23,138.85,139.03,8841852,1939,138.928805
2022-07-01 21:00:00+00:00,139.03,139.05,138.94,138.97,68715,920,138.99965
2022-07-01 22:00:00+00:00,138.97,139.02,138.92,138.96,33226,432,138.963419
2022-07-01 23:00:00+00:00,138.96,139.03,138.93,139.02,15296,304,138.978755
2022-07-05 08:00:00+00:00,139.02,140.22,137.83,138.03,63151,1402,138.648249
2022-07-05 09:00:00+00:00,138.15,138.17,137.85,138.17,22308,441,138.027023
2022-07-05 10:00:00+00:00,138.2,138.55,138.18,138.45,21920,351,138.378705
2022-07-05 11:00:00+00:00,138.41,138.55,137.88,137.9,238610,3177,138.214797
2022-07-05 12:00:00+00:00,137.94,137.94,137.2,137.3001,401945,5607,137.499511
2022-07-05 13:00:00+00:00,137.27,138.84,136.93,138.22,10997410,124612,137.813137
2022-07-05 14:00:00+00:00,138.21,139.66,137.8166,138.9,10712724,103928,138.746557
2022-07-05 15:00:00+00:00,138.88,139.73,138.17,139.331,7542231,71116,138.846002
2022-07-05 16:00:00+00:00,139.35,140.03,138.94,138.965,6988597,64353,139.488232
2022-07-05 17:00:00+00:00,138.97,140.179,138.87,140.05,6253354,55097,139.663686
2022-07-05 18:00:00+00:00,140.0504,141.44,139.885,140.92,7448136,63218,140.697963
2022-07-05 19:00:00+00:00,140.92,141.61,140.55,141.59,11968547,102004,141.200586
2022-07-05 20:00:00+00:00,141.59,141.69,141.4,141.51,10440306,2647,141.5596
2022-07-05 21:00:00+00:00,141.58,141.6,141.45,141.55,236817,934,141.580828
2022-07-05 22:00:00+00:00,141.58,141.78,141.55,141.61,29677,577,141.651026
2022-07-05 23:00:00+00:00,141.61,141.66,141.32,141.37,48831,751,141.493097
2022-07-06 07:00:00+00:00,141.57,141.57,141.57,141.57,386,18,141.585337
2022-07-06 08:00:00+00:00,141.9,142.0,141.03,141.25,38677,844,141.511423
2022-07-06 09:00:00+00:00,141.14,141.49,141.03,141.3812,15895,349,141.243494
2022-07-06 10:00:00+00:00,141.42,141.56,141.12,141.3,21367,346,141.34516
2022-07-06 11:00:00+00:00,141.2202,141.3,140.45,140.62,180603,2704,140.906169
2022-07-06 12:00:00+00:00,140.55,141.18,140.23,140.9101,417387,4968,140.763578
2022-07-06 13:00:00+00:00,140.92,142.87,140.8211,142.82,10594704,98712,141.878807
2022-07-06 14:00:00+00:00,142.82,143.7501,142.015,142.23,14232008,121355,142.791613
2022-07-06 15:00:00+00:00,142.21,142.42,141.08,141.7087,7999323,69449,141.579072
2022-07-06 16:00:00+00:00,141.71,142.07,141.525,141.9,4392476,39851,141.82709
2022-07-06 17:00:00+00:00,141.9,142.55,141.875,142.44,4166283,38541,142.28632
2022-07-06 18:00:00+00:00,142.435,143.64,141.86,143.615,11533906,91421,142.881079
2022-07-06 19:00:00+00:00,143.62,144.12,142.365,142.96,13441254,110661,143.37227
2022-07-06 20:00:00+00:00,142.96,143.08,142.7,142.91,6851855,2600,142.919933
2022-07-06 21:00:00+00:00,142.9439,142.99,142.84,142.88,57669,768,142.887675
2022-07-06 22:00:00+00:00,142.87,143.06,142.87,142.92,42035,639,142.979237
2022-07-06 23:00:00+00:00,142.92,143.05,142.62,142.62,59745,667,142.917038
2022-07-07 08:00:00+00:00,143.15,143.66,143.15,143.6,55150,845,143.469361
2022-07-07 09:00:00+00:00,143.47,143.49,143.04,143.07,19175,518,143.31508
2022-07-07 10:00:00+00:00,143.13,143.3,142.8,143.21,24598,519,143.112472
2022-07-07 11:00:00+00:00,143.22,143.56,143.15,143.56,116405,1975,143.339848
2022-07-07 12:00:00+00:00,143.52,143.57,142.563,143.32,360199,4693,143.257204
2022-07-07 13:00:00+00:00,143.36,145.401,142.95,145.225,11129619,106045,144.481567
2022-07-07 14:00:00+00:00,145.225,145.99,144.91,145.3599,11662773,102488,145.487915
2022-07-07 15:00:00+00:00,145.36,145.66,145.01,145.55,6042988,59514,145.333022
2022-07-07 16:00:00+00:00,145.545,145.99,145.45,145.89,5409466,54818,145.740031
2022-07-07 17:00:00+00:00,145.895,146.49,145.53,146.36,5624480,54192,146.01628
2022-07-07 18:00:00+00:00,146.355,146.55,146.0101,146.1953,5295522,47298,146.269605
2022-07-07 19:00:00+00:00,146.2,146.55,146.11,146.35,11663016,100546,146.330383
2022-07-07 20:00:00+00:00,146.34,146.4,146.04,146.07,8699757,2498,146.347881
2022-07-07 21:00:00+00:00,146.02,146.33,145.95,146.1,62477,984,146.078864
2022-07-07 22:00:00+00:00,146.06,146.11,145.86,145.99,29645,591,146.002303
2022-07-07 23:00:00+00:00,145.99,146.07,145.83,145.9,36761,597,145.903251
2022-07-08 04:00:00+00:00,145.29,145.29,145.0,145.0,1237,7,145.13211
2022-07-08 06:00:00+00:00,145.03,145.03,145.03,145.03,146,5,145.039315
2022-07-08 08:00:00+00:00,145.74,145.86,145.3,145.47,17671,530,145.535922
2022-07-08 09:00:00+00:00,145.35,145.51,145.19,145.51,15985,358,145.321427
2022-07-08 10:00:00+00:00,145.51,145.88,145.41,145.44,23144,505,145.663747
2022-07-08 11:00:00+00:00,145.53,145.7999,145.5,145.7,100041,1538,145.662674
2022-07-08 12:00:00+00:00,145.6999,145.985,144.25,144.86,766104,9520,145.036436
2022-07-08 13:00:00+00:00,144.9,146.62,144.8,145.77,10385316,98207,145.719082
2022-07-08 14:00:00+00:00,145.77,147.2699,145.4859,146.86,12034141,97008,146.59724
2022-07-08 15:00:00+00:00,146.86,147.46,146.82,147.25,7157840,62121,147.141684
2022-07-08 16:00:00+00:00,147.25,147.3,145.54,145.79,6677570,58127,146.278392
2022-07-08 17:00:00+00:00,145.7906,147.11,145.54,146.845,6203340,50501,146.431305
2022-07-08 18:00:00+00:00,146.85,147.55,146.62,147.46,6308532,51325,147.227008
2022-07-08 19:00:00+00:00,147.46,147.54,146.33,147.03,9779139,84861,147.24934
2022-07-08 20:00:00+00:00,147.03,147.04,146.66,147.02,4923444,2134,147.036044
2022-07-08 21:00:00+00:00,147.0,147.04,146.77,146.8,84787,832,146.954919
2022-07-08 22:00:00+00:00,146.97,147.03,146.82,146.99,24415,393,146.970399
2022-07-08 23:00:00+00:00,146.99,147.0,146.77,146.78,28847,358,146.925861
2022-07-11 06:00:00+00:00,145.5,145.5,145.5,145.5,233,2,145.5
2022-07-11 08:00:00+00:00,145.98,145.98,145.3,145.63,42226,895,145.670857
2022-07-11 09:00:00+00:00,145.63,146.05,145.62,145.86,46921,695,145.849746
2022-07-11 10:00:00+00:00,145.87,146.19,145.82,145.98,32132,482,145.934022
2022-07-11 11:00:00+00:00,146.0,146.2,145.82,145.82,141383,2230,146.010203
2022-07-11 12:00:00+00:00,145.86,146.673,145.78,145.99,181423,3222,145.958341
2022-07-11 13:00:00+00:00,146.0301,146.13,143.78,144.32,7884270,102142,144.713182
2022-07-11 14:00:00+00:00,144.3111,145.73,144.04,145.065,9738284,86741,144.902365
2022-07-11 15:00:00+00:00,145.06,145.66,144.91,145.15,6221043,54375,145.280148
2022-07-11 16:00:00+00:00,145.15,145.64,145.0,145.485,4230999,37402,145.357968
2022-07-11 17:00:00+00:00,145.48,146.64,145.44,146.415,6744996,46549,146.051044
2022-07-11 18:00:00+00:00,146.415,146.465,145.32,145.32,5403077,46398,145.88175
2022-07-11 19:00:00+00:00,145.32,145.46,144.4,144.905,11073025,92175,144.86313
2022-07-11 20:00:00+00:00,144.9,145.15,144.74,145.0,10346234,2243,144.871452
2022-07-11 21:00:00+00:00,145.0,145.0,144.87,144.9866,21635,433,145.182479
2022-07-11 22:00:00+00:00,145.0,145.0,144.71,144.77,136921,541,144.872337
2022-07-11 23:00:00+00:00,144.71,145.11,144.71,145.11,27750,472,144.972098
2022-07-12 05:00:00+00:00,143.52,143.52,143.52,143.52,100,1,143.52
2022-07-12 08:00:00+00:00,143.98,144.2,143.42,144.06,29878,589,143.781583
2022-07-12 09:00:00+00:00,144.01,144.15,143.88,144.0,13591,250,144.049111
2022-07-12 10:00:00+00:00,144.03,144.7,144.03,144.44,87010,874,144.447134
2022-07-12 11:00:00+00:00,144.45,145.59,144.32,144.92,148108,2409,144.864463
2022-07-12 12:00:00+00:00,144.508,145.56,144.508,145.33,274148,3664,145.264176
2022-07-12 13:00:00+00:00,145.32,147.99,145.11,146.17,12576386,106713,146.904956
2022-07-12 14:00:00+00:00,146.18,147.66,145.5601,146.985,13002081,106141,146.580316
2022-07-12 15:00:00+00:00,146.99,148.175,146.8406,147.8001,8399664,75536,147.639391
2022-07-12 16:00:00+00:00,147.8,148.45,147.33,148.0432,6655481,58702,147.916392
2022-07-12 17:00:00+00:00,148.04,148.34,147.3576,148.15,5909649,51171,147.770972
2022-07-12 18:00:00+00:00,148.15,148.22,146.72,146.77,7021112,49879,147.460513
2022-07-12 19:00:00+00:00,146.765,146.77,145.05,145.86,15298330,118429,145.8214
2022-07-12 20:00:00+00:00,145.88,146.0,145.7,145.85,8025479,2032,145.859717
2022-07-12 21:00:00+00:00,145.86,145.87,145.7,145.72,38144,633,145.783654
2022-07-12 22:00:00+00:00,145.75,145.8599,145.72,145.79,51967,485,145.780506
2022-07-12 23:00:00+00:00,145.7701,145.85,145.62,145.8,41159,571,145.786443
2022-07-13 08:00:00+00:00,146.09,146.44,145.98,146.3,13059,315,146.24592
2022-07-13 09:00:00+00:00,146.3,146.35,146.19,146.19,11047,151,146.313281
2022-07-13 10:00:00+00:00,146.13,146.24,146.02,146.02,9929,198,146.100319
2022-07-13 11:00:00+00:00,146.09,146.59,146.01,146.55,121316,1707,146.350562
2022-07-13 12:00:00+00:00,146.51,147.8,142.37,143.45,1372701,17538,143.876442
2022-07-13 13:00:00+00:00,143.4,145.32,142.1201,145.04,13395039,118146,143.920437
2022-07-13 14:00:00+00:00,145.04,146.42,142.92,145.63,13192841,119092,144.985209
2022-07-13 15:00:00+00:00,145.63,146.11,144.79,145.22,7991587,62000,145.476425
2022-07-13 16:00:00+00:00,145.22,146.02,145.15,145.99,5623077,49737,145.626053
2022-07-13 17:00:00+00:00,146.0,146.45,145.42,146.141,5587801,50801,145.940216
2022-07-13 18:00:00+00:00,146.1483,146.42,145.2,146.3901,5964927,53156,145.871225
2022-07-13 19:00:00+00:00,146.4,146.42,145.4,145.45,9776120,80161,145.829448
2022-07-13 20:00:00+00:00,145.45,145.69,145.03,145.1701,7919940,2626,145.485296
2022-07-13 21:00:00+00:00,145.1621,145.49,145.13,145.2,86258,513,145.382825
2022-07-13 22:00:00+00:00,145.17,145.17,144.63,144.88,47531,739,144.922286
2022-07-13 23:00:00+00:00,144.83,144.93,144.3,144.35,54177,902,144.557222
2022-07-14 05:00:00+00:00,145.68,145.68,145.68,145.68,1897,4,145.68
2022-07-14 08:00:00+00:00,144.49,144.97,143.68,144.17,62977,1038,144.380069
2022-07-14 09:00:00+00:00,144.13,144.37,143.9,144.34,20116,396,144.133706
2022-07-14 10:00:00+00:00,144.25,144.43,143.91,144.39,18650,373,144.219682
2022-07-14 11:00:00+00:00,144.36,144.37,143.84,144.12,243434,2451,144.052692
2022-07-14 12:00:00+00:00,144.05,144.77,143.87,144.33,518662,4385,144.40458
2022-07-14 13:00:00+00:00,144.29,144.7699,143.25,144.08,9261335,84161,144.030413
2022-07-14 14:00:00+00:00,144.0836,145.08,143.6101,144.822,11454400,94800,144.305891
2022-07-14 15:00:00+00:00,144.82,147.17,144.79,147.1509,12557966,104219,146.053067
2022-07-14 16:00:00+00:00,147.155,147.32,146.1001,146.6273,7467562,65437,146.715381
2022-07-14 17:00:00+00:00,146.6301,147.66,146.32,147.545,8008839,63415,147.140732
2022-07-14 18:00:00+00:00,147.55,148.845,147.48,148.6794,9923101,80813,148.322518
2022-07-14 19:00:00+00:00,148.68,148.95,148.03,148.48,12155417,106070,148.559853
2022-07-14 20:00:00+00:00,148.47,148.67,148.31,148.57,6245353,2505,148.470966
2022-07-14 21:00:00+00:00,148.58,148.7393,148.55,148.7,29594,744,148.643488
2022-07-14 22:00:00+00:00,148.7,149.19,148.66,149.06,88924,1477,148.93725
2022-07-14 23:00:00+00:00,149.0,149.4,149.0,149.37,67310,1272,149.200095
2022-07-15 06:00:00+00:00,149.27,149.27,149.0,149.0,834,15,149.236835
2022-07-15 08:00:00+00:00,148.3,149.04,148.25,148.75,49758,846,148.634502
2022-07-15 09:00:00+00:00,148.75,148.99,148.65,148.7,12160,304,148.825845
2022-07-15 10:00:00+00:00,148.62,148.77,148.55,148.73,5941,135,148.674331
2022-07-15 11:00:00+00:00,148.81,149.09,148.59,148.59,155832,2324,148.889877
2022-07-15 12:00:00+00:00,148.64,149.84,148.0,149.6301,751589,8853,148.930608
2022-07-15 13:00:00+00:00,149.67,150.86,148.78,149.37,14131111,102205,149.745743
2022-07-15 14:00:00+00:00,149.38,150.52,148.84,149.26,11960092,101155,149.492708
2022-07-15 15:00:00+00:00,149.25,149.63,148.79,148.791,6948192,62825,149.193126
2022-07-15 16:00:00+00:00,148.79,149.058,148.2,148.91,6910953,60392,148.677416
2022-07-15 17:00:00+00:00,148.91,149.51,148.81,149.13,5444365,47084,149.162095
2022-07-15 18:00:00+00:00,149.1219,149.57,148.86,149.35,5544344,48438,149.266117
2022-07-15 19:00:00+00:00,149.3501,150.25,149.05,150.17,13589832,107634,149.633607
2022-07-15 20:00:00+00:00,150.13,150.27,149.78,150.02,10436994,4384,150.16067
2022-07-15 21:00:00+00:00,150.02,150.05,149.99,150.01,70191,823,150.018884
2022-07-15 22:00:00+00:00,150.01,150.05,149.98,149.99,39138,562,150.002588
2022-07-15 23:00:00+00:00,149.97,150.17,149.97,150.03,193236,497,150.147901
2022-07-18 04:00:00+00:00,151.0,151.0,151.0,151.0,110,1,151.0
2022-07-18 05:00:00+00:00,151.6,151.66,151.12,151.12,662,6,151.415468
2022-07-18 06:00:00+00:00,150.95,150.95,150.95,150.95,135,8,150.970741
2022-07-18 08:00:00+00:00,150.61,151.9,150.61,151.7,68459,1942,151.625782
2022-07-18 09:00:00+00:00,151.69,151.75,151.4,151.5,25759,587,151.534895
2022-07-18 10:00:00+00:00,151.45,151.57,151.4,151.51,16099,373,151.469567
2022-07-18 11:00:00+00:00,151.5,151.7,151.31,151.42,257330,3516,151.526231
2022-07-18 12:00:00+00:00,151.47,151.57,150.87,151.19,315780,5636,151.160563
2022-07-18 13:00:00+00:00,151.19,151.38,150.27,151.1024,10651761,95528,150.880922
2022-07-18 14:00:00+00:00,151.12,151.57,150.5812,151.195,8814294,79059,150.975391
2022-07-18 15:00:00+00:00,151.21,151.43,150.82,151.405,6008433,56696,151.158722
2022-07-18 16:00:00+00:00,151.41,151.41,150.71,150.745,4155834,38431,151.014929
2022-07-18 17:00:00+00:00,150.7499,150.7937,147.2,147.795,15794196,120644,149.063648
2022-07-18 18:00:00+00:00,147.79,151.1,147.21,147.3,11908601,89965,147.731845
2022-07-18 19:00:00+00:00,147.29,147.84,146.7,147.13,13508890,116801,147.190445
2022-07-18 20:00:00+00:00,147.13,147.18,146.82,146.89,9574498,3607,147.066643
2022-07-18 21:00:00+00:00,146.9,147.07,146.44,146.5,169257,2513,146.741145
2022-07-18 22:00:00+00:00,146.54,146.75,146.3,146.73,94515,1630,146.537051
2022-07-18 23:00:00+00:00,146.73,147.0,146.3,146.9,103555,1590,146.828885
2022-07-19 04:00:00+00:00,146.97,146.97,146.97,146.97,223,2,146.97
2022-07-19 08:00:00+00:00,147.24,147.4,146.85,147.4,41348,1090,147.029509
2022-07-19 09:00:00+00:00,147.35,148.0,147.26,147.61,56440,857,147.668195
2022-07-19 10:00:00+00:00,147.58,147.98,147.47,147.67,62383,911,147.717493
2022-07-19 11:00:00+00:00,147.61,147.73,147.31,147.5301,277783,2995,147.50156
2022-07-19 12:00:00+00:00,147.54,147.8,146.703,147.581,841248,5267,147.307213
2022-07-19 13:00:00+00:00,147.61,148.49,146.91,147.98,11234441,89776,147.687755
2022-07-19 14:00:00+00:00,147.99,149.4099,147.31,149.4,11439253,97944,148.346134
2022-07-19 15:00:00+00:00,149.41,150.22,149.4075,149.81,10620428,78907,149.791089
2022-07-19 16:00:00+00:00,149.805,150.21,149.3586,150.08,6830708,55470,149.811424
2022-07-19 17:00:00+00:00,150.05,150.85,149.68,150.8168,7356134,58316,150.223827
2022-07-19 18:00:00+00:00,150.81,150.94,150.28,150.68,6585396,58548,150.686118
2022-07-19 19:00:00+00:00,150.68,151.23,150.37,150.97,14432242,113109,150.783893
2022-07-19 20:00:00+00:00,150.97,151.87,150.93,151.72,12610386,4863,151.01108
2022-07-19 21:00:00+00:00,151.75,152.11,151.7,152.04,201970,3006,151.935703
2022-07-19 22:00:00+00:00,151.92,151.93,151.5501,151.75,83413,1099,151.773712
2022-07-19 23:00:00+00:00,151.75,151.97,151.5,151.8,116822,1335,151.74615
2022-07-20 04:00:00+00:00,153.0,153.0,152.93,153.0,1914,19,152.988166
2022-07-20 05:00:00+00:00,153.0,153.0,153.0,153.0,2837,3,153.0
2022-07-20 06:00:00+00:00,152.0,152.0,151.92,151.92,1285,7,151.939175
2022-07-20 08:00:00+00:00,151.6,151.6,151.12,151.4,48039,1065,151.360991
2022-07-20 09:00:00+00:00,151.41,151.62,151.26,151.62,17196,323,151.483901
2022-07-20 10:00:00+00:00,151.55,151.56,150.6,151.02,47810,952,151.0721
2022-07-20 11:00:00+00:00,151.04,151.47,150.88,151.41,186978,2791,151.09506
2022-07-20 12:00:00+00:00,151.39,151.79,150.623,151.45,438107,5582,151.375011
2022-07-20 13:00:00+00:00,151.49,151.73,150.37,151.05,8580014,72298,151.173378
2022-07-20 14:00:00+00:00,151.05,153.6,150.83,153.38,12802227,112576,152.2473
2022-07-20 15:00:00+00:00,153.38,153.4821,152.87,153.1701,7251811,68760,153.152332
2022-07-20 16:00:00+00:00,153.18,153.72,152.6305,153.135,6221730,57227,153.258255
2022-07-20 17:00:00+00:00,153.13,153.28,152.08,152.1811,6131779,54649,152.585564
2022-07-20 18:00:00+00:00,152.19,153.37,152.16,153.2774,6803522,55115,152.910547
2022-07-20 19:00:00+00:00,153.27,153.6899,152.85,153.03,9893562,84293,153.265963
2022-07-20 20:00:00+00:00,153.03,153.38,152.34,152.43,6246776,3611,153.028577
2022-07-20 21:00:00+00:00,152.41,152.6891,152.3,152.5006,41124,882,152.508609
2022-07-20 22:00:00+00:00,152.58,152.68,152.16,152.36,54432,820,152.450643
2022-07-20 23:00:00+00:00,152.53,152.69,152.33,152.65,22972,518,152.564301
2022-07-21 04:00:00+00:00,152.44,152.44,152.44,152.44,201,2,152.44
2022-07-21 05:00:00+00:00,153.37,153.37,153.37,153.37,260,9,153.206692
2022-07-21 06:00:00+00:00,153.17,153.17,153.17,153.17,135,1,153.17
2022-07-21 07:00:00+00:00,152.38,152.38,152.38,152.38,366,2,152.378197
2022-07-21 08:00:00+00:00,152.46,153.01,152.46,152.99,41260,876,152.795174
2022-07-21 09:00:00+00:00,152.93,153.27,152.8012,153.26,20296,387,153.101421
2022-07-21 10:00:00+00:00,153.32,153.7,153.25,153.36,35816,811,153.47794
2022-07-21 11:00:00+00:00,153.38,153.56,153.11,153.48,197885,2475,153.352237
2022-07-21 12:00:00+00:00,153.52,154.51,152.658,154.15,900808,9688,154.055636
2022-07-21 13:00:00+00:00,154.2,154.74,152.965,153.375,10538653,91102,153.833634
2022-07-21 14:00:00+00:00,153.39,153.97,151.94,153.26,10014103,87720,152.774397
2022-07-21 15:00:00+00:00,153.2582,154.1,152.96,153.97,6706434,57766,153.568141
2022-07-21 16:00:00+00:00,153.97,155.26,153.9,155.15,7665416,70565,154.807731
2022-07-21 17:00:00+00:00,155.16,155.4799,154.534,155.16,6801542,57874,155.053518
2022-07-21 18:00:00+00:00,155.16,155.45,154.9001,155.2601,5156011,45053,155.225224
2022-07-21 19:00:00+00:00,155.2686,155.57,154.7,155.38,9875367,87397,155.130722
2022-07-21 20:00:00+00:00,155.38,155.4,154.75,155.24,6823003,5510,155.333778
2022-07-21 21:00:00+00:00,155.25,155.26,154.77,154.88,165633,2151,154.958447
2022-07-21 22:00:00+00:00,154.94,155.09,154.63,154.85,93818,934,154.775551
2022-07-21 23:00:00+00:00,154.8,154.92,154.71,154.92,53073,669,154.792526
2022-07-22 04:00:00+00:00,155.38,155.38,155.38,155.38,321,10,155.362056
2022-07-22 05:00:00+00:00,154.58,154.58,154.58,154.58,142,3,154.58
2022-07-22 07:00:00+00:00,154.66,154.66,154.66,154.66,261,9,154.73
2022-07-22 08:00:00+00:00,154.75,155.0,154.7112,154.95,46209,976,154.887495
2022-07-22 09:00:00+00:00,155.0,155.32,155.0,155.26,65658,626,155.114663
2022-07-22 10:00:00+00:00,155.15,155.73,154.98,155.45,71738,1051,155.327147
2022-07-22 11:00:00+00:00,155.51,155.9,155.0,155.86,272366,3063,155.570606
2022-07-22 12:00:00+00:00,155.86,155.86,154.962,155.49,280858,3946,155.596648
2022-07-22 13:00:00+00:00,155.5,156.28,154.92,155.2644,9284849,93531,155.535905
2022-07-22 14:00:00+00:00,155.27,156.0,154.9811,155.6703,9772084,83573,155.560146
2022-07-22 15:00:00+00:00,155.6699,155.72,154.07,154.6155,9066759,74776,154.914131
2022-07-22 16:00:00+00:00,154.61,154.92,153.97,154.5183,6776919,57149,154.490865
2022-07-22 17:00:00+00:00,154.52,154.53,153.41,154.015,6037838,52210,153.951808
2022-07-22 18:00:00+00:00,154.02,154.05,153.41,153.795,5713720,50084,153.702099
2022-07-22 19:00:00+00:00,153.8,154.53,153.56,154.14,12113775,98984,154.047685
2022-07-22 20:00:00+00:00,154.14,154.32,154.05,154.3,6834590,1986,154.091902
2022-07-22 21:00:00+00:00,154.34,154.35,153.95,154.0401,74939,960,154.158958
2022-07-22 22:00:00+00:00,154.08,154.09,153.85,153.99,27462,487,153.989316
2022-07-22 23:00:00+00:00,153.91,153.98,153.82,153.93,25167,430,153.886238
2022-07-25 06:00:00+00:00,153.5,153.67,153.5,153.67,250,2,153.568
2022-07-25 08:00:00+00:00,154.12,154.44,153.76,154.35,27988,659,154.14586
2022-07-25 09:00:00+00:00,154.34,154.99,154.19,154.97,48326,754,154.569113
2022-07-25 10:00:00+00:00,154.95,155.17,154.79,155.17,39773,769,154.974683
2022-07-25 11:00:00+00:00,155.1,155.29,154.55,154.77,240322,3167,154.962345
2022-07-25 12:00:00+00:00,154.76,154.91,153.705,154.46,347298,4494,154.652567
2022-07-25 13:00:00+00:00,154.42,155.04,153.5125,153.5355,8829647,102201,154.360513
2022-07-25 14:00:00+00:00,153.5499,153.94,152.455,153.099,10132508,90868,153.093108
2022-07-25 15:00:00+00:00,153.0909,153.7199,152.358,153.645,6820699,58931,153.097011
2022-07-25 16:00:00+00:00,153.6484,154.08,153.25,153.709,5052822,44929,153.690115
2022-07-25 17:00:00+00:00,153.72,153.97,153.25,153.28,3357638,34231,153.618433
2022-07-25 18:00:00+00:00,153.28,153.34,152.495,152.6099,4566594,46684,152.939269
2022-07-25 19:00:00+00:00,152.61,153.02,152.28,152.97,9226815,91275,152.6211
2022-07-25 20:00:00+00:00,152.98,153.15,152.0,152.63,4737018,3646,152.932909
2022-07-25 21:00:00+00:00,152.77,152.78,152.41,152.54,78762,1238,152.599317
2022-07-25 22:00:00+00:00,152.55,152.69,152.42,152.55,65014,850,152.577414
2022-07-25 23:00:00+00:00,152.51,152.68,152.25,152.68,64796,933,152.409853
2022-07-26 05:00:00+00:00,152.0,152.0,152.0,152.0,250,11,152.00072
2022-07-26 06:00:00+00:00,152.0,152.0,152.0,152.0,178,1,152.0
2022-07-26 07:00:00+00:00,151.5,151.5,151.5,151.5,113,4,151.522124
2022-07-26 08:00:00+00:00,153.24,153.24,152.08,152.55,31618,550,152.45902
2022-07-26 09:00:00+00:00,152.65,152.85,152.5,152.69,15689,293,152.648922
2022-07-26 10:00:00+00:00,152.83,152.85,152.13,152.4,44332,609,152.354152
2022-07-26 11:00:00+00:00,152.35,152.49,152.0,152.11,171222,2465,152.242421
2022-07-26 12:00:00+00:00,152.14,152.568,151.75,151.91,363996,4171,151.996761
2022-07-26 13:00:00+00:00,151.96,153.085,151.54,152.18,8117705,83063,152.163319
2022-07-26 14:00:00+00:00,152.18,152.47,151.1884,151.605,7511473,76870,151.741923
2022-07-26 15:00:00+00:00,151.61,151.68,150.85,150.99,5289523,56007,151.235362
2022-07-26 16:00:00+00:00,151.0,151.69,150.8,151.63,4628752,49014,151.241683
2022-07-26 17:00:00+00:00,151.63,152.18,151.55,151.855,4747934,45103,151.889103
2022-07-26 18:00:00+00:00,151.87,152.49,151.3424,151.59,6158598,52300,151.828462
2022-07-26 19:00:00+00:00,151.585,151.75,151.1499,151.56,10078167,92343,151.458607
2022-07-26 20:00:00+00:00,151.56,152.48,151.33,152.31,6905923,3598,151.616207
2022-07-26 21:00:00+00:00,152.44,152.58,152.2,152.37,549243,1187,151.73127
2022-07-26 22:00:00+00:00,152.44,152.82,152.08,152.32,414401,2314,152.457301
2022-07-26 23:00:00+00:00,152.3,152.83,152.3,152.83,99358,1184,152.634065
2022-07-27 04:00:00+00:00,152.54,152.65,152.53,152.65,1400,5,152.583571
2022-07-27 05:00:00+00:00,152.53,152.53,152.53,152.53,253,1,152.53
2022-07-27 06:00:00+00:00,152.96,153.0,152.6,153.0,1107,20,152.928094
2022-07-27 07:00:00+00:00,153.04,153.04,153.04,153.04,196,4,153.04
2022-07-27 08:00:00+00:00,152.9,153.45,152.8,153.33,49201,1316,153.180067
2022-07-27 09:00:00+00:00,153.35,153.4,153.03,153.15,35980,456,153.198084
2022-07-27 10:00:00+00:00,153.1,153.15,152.82,152.99,16959,342,153.006635
2022-07-27 11:00:00+00:00,152.99,152.99,152.67,152.7,133788,1737,152.796202
2022-07-27 12:00:00+00:00,152.75,152.9,151.221,152.89,1712661,2656,151.744396
2022-07-27 13:00:00+00:00,152.89,154.8,152.16,154.37,9997173,90807,153.611327
2022-07-27 14:00:00+00:00,154.37,154.77,154.1,154.39,8429513,74712,154.376334
2022-07-27 15:00:00+00:00,154.395,155.21,153.575,154.1599,6072251,56266,154.07746
2022-07-27 16:00:00+00:00,154.16,154.56,154.015,154.26,5366479,43377,154.278653
2022-07-27 17:00:00+00:00,154.25,154.59,154.16,154.3943,3979290,39615,154.399096
2022-07-27 18:00:00+00:00,154.402,156.23,153.91,155.91,10744991,100428,155.044307
2022-07-27 19:00:00+00:00,155.92,157.33,155.72,156.71,18655768,151876,156.764743
2022-07-27 20:00:00+00:00,156.71,156.79,155.71,155.8,12686606,5786,156.756621
2022-07-27 21:00:00+00:00,155.9,156.79,155.81,156.2,159212,1737,156.151496
2022-07-27 22:00:00+00:00,156.2,156.45,156.06,156.2999,97315,1055,156.250935
2022-07-27 23:00:00+00:00,156.3,156.5,156.3,156.5,91438,1173,156.431104
2022-07-28 08:00:00+00:00,155.39,156.09,155.39,155.57,58815,1156,155.730944
2022-07-28 09:00:00+00:00,155.52,155.84,155.3,155.83,46277,733,155.601113
2022-07-28 10:00:00+00:00,155.84,155.9,155.67,155.81,35415,505,155.816672
2022-07-28 11:00:00+00:00,155.84,156.19,155.8,155.96,62610,1182,156.036278
2022-07-28 12:00:00+00:00,156.12,157.25,155.56,156.62,747633,8344,156.488402
2022-07-28 13:00:00+00:00,156.71,157.49,154.8,155.41,8474475,98001,156.011787
2022-07-28 14:00:00+00:00,155.42,155.945,154.41,155.9,9321836,98063,155.26815
2022-07-28 15:00:00+00:00,155.9,157.09,155.87,156.895,8944054,81924,156.588416
2022-07-28 16:00:00+00:00,156.8955,157.17,156.44,156.45,6230489,65621,156.866445
2022-07-28 17:00:00+00:00,156.45,157.64,156.16,157.355,7060017,66015,157.041161
2022-07-28 18:00:00+00:00,157.3521,157.4,156.6,157.27,7485487,70923,157.066864
2022-07-28 19:00:00+00:00,157.28,157.6,156.64,157.3,13469436,121872,157.142958
2022-07-28 20:00:00+00:00,157.35,163.87,155.85,163.85,14470241,85189,159.545927
2022-07-28 21:00:00+00:00,163.85,164.01,157.35,162.36,3899165,28652,162.718756
2022-07-28 22:00:00+00:00,162.36,162.98,161.8,162.03,768805,6067,162.445305
2022-07-28 23:00:00+00:00,162.05,162.31,161.8499,162.02,294478,3593,162.093533
2022-07-29 05:00:00+00:00,162.0,162.0,161.8,161.8,341,6,161.88563
2022-07-29 06:00:00+00:00,161.85,162.0,161.85,162.0,759,9,161.960474
2022-07-29 08:00:00+00:00,162.03,162.03,160.32,161.2,157329,3603,161.515821
2022-07-29 09:00:00+00:00,161.21,161.64,161.04,161.46,36539,886,161.383522
2022-07-29 10:00:00+00:00,161.45,161.5,160.6,160.88,128203,1916,161.01356
2022-07-29 11:00:00+00:00,160.95,161.84,160.95,161.8,679147,7313,161.201067
2022-07-29 12:00:00+00:00,161.78,162.0,160.27,161.49,1887684,13294,159.845432
2022-07-29 13:00:00+00:00,161.49,163.0,159.5,161.9552,20523079,190110,161.575312
2022-07-29 14:00:00+00:00,161.96,163.63,161.5,162.41,16386508,144326,162.817429
2022-07-29 15:00:00+00:00,162.405,162.56,160.57,162.135,12140052,103118,161.731217
2022-07-29 16:00:00+00:00,162.135,162.64,161.73,162.55,6986211,62978,162.245254
2022-07-29 17:00:00+00:00,162.56,162.95,162.1,162.73,7005686,58291,162.464412
2022-07-29 18:00:00+00:00,162.73,163.18,162.52,162.64,6305266,60033,162.767609
2022-07-29 19:00:00+00:00,162.64,163.17,162.41,162.57,13412088,119856,162.810482
2022-07-29 20:00:00+00:00,162.58,162.58,162.3,162.47,15985701,3216,162.508878
2022-07-29 21:00:00+00:00,162.48,162.52,162.27,162.3,104915,1447,162.40825
2022-07-29 22:00:00+00:00,162.3,162.33,162.1,162.2,40515,828,162.235635
2022-07-29 23:00:00+00:00,162.16,162.18,162.06,162.15,67212,864,162.119236
2022-08-01 04:00:00+00:00,161.6,161.6,161.0,161.0,1483,17,161.148968
2022-08-01 05:00:00+00:00,161.16,161.16,161.16,161.16,1959,7,161.160291
2022-08-01 08:00:00+00:00,161.98,162.25,161.79,162.01,37008,1101,162.08374
2022-08-01 09:00:00+00:00,161.92,162.16,161.92,162.16,22597,491,162.083866
2022-08-01 10:00:00+00:00,162.1,162.19,162.01,162.1,11855,314,162.077811
2022-08-01 11:00:00+00:00,162.1,162.3,162.0,162.05,246206,3376,162.14654
2022-08-01 12:00:00+00:00,162.07,162.29,161.2,161.2,688583,6113,161.717623
2022-08-01 13:00:00+00:00,161.2,163.12,160.85,162.768,10781999,129112,162.203403
2022-08-01 14:00:00+00:00,162.75,163.59,162.1805,163.2,10773040,107816,162.934
2022-08-01 15:00:00+00:00,163.22,163.37,162.705,163.18,6418679,65672,163.048084
2022-08-01 16:00:00+00:00,163.19,163.2382,161.95,162.1001,5562027,58366,162.477613
2022-08-01 17:00:00+00:00,162.11,162.13,160.89,161.35,6377777,65426,161.503708
2022-08-01 18:00:00+00:00,161.355,162.2499,160.99,162.175,5990097,59369,161.646251
2022-08-01 19:00:00+00:00,162.17,162.25,161.19,161.57,9195365,89854,161.640064
2022-08-01 20:00:00+00:00,161.57,161.75,161.47,161.6044,8532159,2397,161.51076
2022-08-01 21:00:00+00:00,161.61,161.77,161.56,161.6231,3139363,827,161.510431
2022-08-01 22:00:00+00:00,161.61,161.61,161.35,161.46,22322,581,161.494947
2022-08-01 23:00:00+00:00,161.42,161.61,161.31,161.4,32351,618,161.429857
2022-08-02 04:00:00+00:00,160.5,160.5,160.5,160.5,472,20,160.510339
2022-08-02 05:00:00+00:00,160.5,161.09,160.5,160.52,1986,15,160.748731
2022-08-02 06:00:00+00:00,160.51,160.59,160.51,160.51,1316,12,160.560638
2022-08-02 07:00:00+00:00,160.5,160.5,160.5,160.5,1774,6,160.499977
2022-08-02 08:00:00+00:00,161.28,161.28,160.04,160.1,64053,1161,160.247224
2022-08-02 09:00:00+00:00,160.14,160.23,159.8,159.8,30604,864,160.036419
2022-08-02 10:00:00+00:00,159.8,159.96,159.55,159.8,54739,1135,159.696488
2022-08-02 11:00:00+00:00,159.81,160.3676,159.74,160.2297,183627,3063,160.144324
2022-08-02 12:00:00+00:00,160.2,161.107,159.84,160.15,1226137,3953,161.185517
2022-08-02 13:00:00+00:00,160.16,161.08,159.75,160.545,7767794,87940,160.373797
2022-08-02 14:00:00+00:00,160.5508,161.725,159.63,161.25,10019968,99866,160.603197
2022-08-02 15:00:00+00:00,161.25,161.48,160.55,161.16,4833859,54870,161.083575
2022-08-02 16:00:00+00:00,161.17,162.41,161.1,162.205,5171253,56931,162.020164
2022-08-02 17:00:00+00:00,162.205,162.28,160.075,160.4,7067684,72970,160.985158
2022-08-02 18:00:00+00:00,160.4,161.3,160.245,160.645,6420212,61822,160.805118
2022-08-02 19:00:00+00:00,160.64,160.87,159.93,159.99,9504660,90938,160.322148
2022-08-02 20:00:00+00:00,159.99,160.16,159.8,160.08,7389517,3330,160.018125
2022-08-02 21:00:00+00:00,160.14,160.35,160.1,160.17,60556,1042,160.243689
2022-08-02 22:00:00+00:00,160.17,160.22,159.93,159.93,44255,906,160.066337
2022-08-02 23:00:00+00:00,159.93,160.24,159.9,160.0,40953,697,160.036493
2022-08-03 05:00:00+00:00,159.99,160.0,159.99,160.0,2059,14,159.99795
2022-08-03 08:00:00+00:00,160.28,160.43,159.84,160.32,37827,789,160.133977
2022-08-03 09:00:00+00:00,160.28,161.14,160.24,160.93,34899,641,160.772326
2022-08-03 10:00:00+00:00,160.99,161.0,160.73,160.8,11505,233,160.853174
2022-08-03 11:00:00+00:00,160.84,161.33,160.77,161.21,176907,2404,161.175313
2022-08-03 12:00:00+00:00,161.17,161.66,159.61,161.5,1847704,4542,160.324778
2022-08-03 13:00:00+00:00,161.5,163.32,160.01,163.24,9919473,96372,162.161867
2022-08-03 14:00:00+00:00,163.24,164.43,162.83,164.03,11827101,119285,163.767256
2022-08-03 15:00:00+00:00,164.03,165.185,164.0,165.0758,10406131,98096,164.680845
2022-08-03 16:00:00+00:00,165.08,166.04,164.455,165.87,8931657,84781,165.335861
2022-08-03 17:00:00+00:00,165.86,166.44,165.62,166.08,8688954,80187,166.064572
2022-08-03 18:00:00+00:00,166.07,166.56,166.01,166.13,6848086,65327,166.253268
2022-08-03 19:00:00+00:00,166.115,166.59,165.81,166.1299,14046695,122619,166.187522
2022-08-03 20:00:00+00:00,166.13,166.15,165.63,166.13,9592870,3115,166.126474
2022-08-03 21:00:00+00:00,165.9002,165.93,165.8,165.83,38798,941,165.844786
2022-08-03 22:00:00+00:00,165.82,165.87,165.64,165.77,31360,734,165.73964
2022-08-03 23:00:00+00:00,165.75,165.84,165.72,165.84,46437,697,165.786907
2022-08-04 05:00:00+00:00,165.35,165.37,165.33,165.37,1764,9,165.352376
2022-08-04 06:00:00+00:00,165.36,165.36,165.36,165.36,142,2,165.36
2022-08-04 07:00:00+00:00,165.43,165.43,165.43,165.43,100,1,165.43
2022-08-04 08:00:00+00:00,165.63,166.04,165.63,165.81,27475,763,165.852338
2022-08-04 09:00:00+00:00,165.76,166.11,165.62,166.1,19535,546,165.858889
2022-08-04 10:00:00+00:00,166.1,166.65,166.1,166.47,34006,943,166.428444
2022-08-04 11:00:00+00:00,166.43,166.49,165.92,165.93,313757,3690,166.178998
2022-08-04 12:00:00+00:00,165.9797,166.58,165.715,166.49,379781,4392,166.347123
2022-08-04 13:00:00+00:00,166.48,167.19,165.705,166.22,10262840,107361,166.362384
2022-08-04 14:00:00+00:00,166.225,166.59,164.5612,165.3103,9350367,105374,165.337922
2022-08-04 15:00:00+00:00,165.31,165.49,164.43,165.3838,6404900,68164,164.976046
2022-08-04 16:00:00+00:00,165.39,165.735,164.791,164.955,5350748,54269,165.307989
2022-08-04 17:00:00+00:00,164.96,165.57,164.95,165.26,4222202,42406,165.333594
2022-08-04 18:00:00+00:00,165.26,165.61,165.01,165.55,4450350,44228,165.263703
2022-08-04 19:00:00+00:00,165.55,166.06,165.27,165.82,9663019,86406,165.700265
2022-08-04 20:00:00+00:00,165.82,165.85,165.6,165.69,4878785,2168,165.807939
2022-08-04 21:00:00+00:00,165.64,165.81,165.61,165.66,26786,498,165.716739
2022-08-04 22:00:00+00:00,165.63,165.77,165.61,165.71,22182,541,165.678203
2022-08-04 23:00:00+00:00,165.7,165.86,165.69,165.86,42577,670,165.783002
2022-08-05 08:00:00+00:00,166.0,166.2,165.5,165.58,12454,457,165.878522
2022-08-05 09:00:00+00:00,165.62,165.7,165.02,165.6,11558,298,165.476769
2022-08-05 10:00:00+00:00,165.39,165.39,165.08,165.27,14938,259,165.18106
2022-08-05 11:00:00+00:00,165.34,165.77,165.2,165.72,47290,827,165.460845
2022-08-05 12:00:00+00:00,165.73,165.76,163.31,163.59,1091818,9631,164.099922
2022-08-05 13:00:00+00:00,163.56,165.58,162.8,164.74,9060087,88417,164.151243
2022-08-05 14:00:00+00:00,164.77,165.85,164.485,164.75,8674247,84713,165.16954
2022-08-05 15:00:00+00:00,164.74,164.7985,163.39,164.174,7254899,70934,164.064714
2022-08-05 16:00:00+00:00,164.18,165.02,164.09,164.915,5607765,54365,164.500955
2022-08-05 17:00:00+00:00,164.91,165.45,164.52,164.7302,5511681,51401,165.117796
2022-08-05 18:00:00+00:00,164.73,165.0,164.37,164.66,4457785,43769,164.686624
2022-08-05 19:00:00+00:00,164.66,165.42,164.5,165.34,8784797,79451,165.090254
2022-08-05 20:00:00+00:00,165.34,165.42,165.14,165.26,5913390,1730,165.348949
